assetid,period,price,unitprice,constructedarea,roomnumber,bathnumber,hasterrace,haslift,hasairconditioning,amenityid,hasparkingspace,isparkingspaceincludedinprice,parkingspaceprice,hasnorthorientation,hassouthorientation,haseastorientation,haswestorientation,hasboxroom,haswardrobe,hasswimmingpool,hasdoorman,hasgarden,isduplex,isstudio,isintopfloor,constructionyear,floorclean,flatlocationid,cadconstructionyear,cadmaxbuildingfloor,caddwellingcount,cadastralqualityid,builttypeid_1,builttypeid_2,builttypeid_3,distance_to_city_center,distance_to_metro,distance_to_diagonal,longitude,latitude,city,distance_to_castellana,distance_to_blasco,distance_to_center,price_m2,rooms_per_m2,bathrooms_per_room,predicted_price,arbitrage_score,undervaluation_pct
A12960861659076742247,201812,3463000.0,6412.96296296296,540,6,4,0,1,0,3,0,0,1.0,0,1,0,0,0,0,0,1,0,0,0,0,1967.0,1.0,1.0,1953,6,30,2.0,0,0,1,1.35055330481743,245.82650290024,1.67419058906859,-3.68869669155705,40.420482120073,Madrid,0.304758893784561,1.9600335221688,0.015545672521793306,6412.962962962963,0.011111111111111112,0.6666666666666666,3897053.7786324644,434053.77863246435,12.534039232817337
A14779572299450548069,201806,3965000.0,7118.49192100539,557,4,3,0,1,1,2,0,0,1.0,0,0,0,1,0,1,0,1,0,0,0,0,1900.0,2.0,1.0,1900,7,15,2.0,0,0,1,0.890507323054025,209.117413883612,1.67419058906859,-3.69559210972297,40.4215939963674,Madrid,0.289440283506913,1.9600335221688,0.009505359749656208,7118.491921005386,0.00718132854578097,0.75,4251389.325188821,286389.3251888212,7.222933800474683
A6566278501643727657,201803,2332000.0,6477.77777777778,360,6,5,0,1,0,3,1,1,1.0,0,1,1,0,1,0,0,1,0,0,0,0,1967.0,2.0,1.0,1985,5,10,3.0,0,0,1,4.339935013186,559.437500922333,0.514555322000727,2.11836833211737,41.3911275303579,Barcelona,1.914872746802655,1.9600335221688,0.050369782020968944,6477.777777777777,0.016666666666666666,0.8333333333333334,2554162.6689532395,222162.66895323945,9.526701070035998
A12810266984209151639,201812,1174000.0,5241.07142857143,224,3,3,0,1,1,3,0,0,1.0,1,0,1,0,0,1,0,0,0,0,0,0,1920.0,4.0,1.0,1920,4,5,5.0,0,1,0,0.375598602936775,135.50382706491303,1.67419058906859,-0.372356473483076,39.4705123251571,Valencia,1.914872746802655,1.11886620308524,0.0044544892984905785,5241.071428571428,0.013392857142857142,1.0,1369793.8945580127,195793.89455801272,16.677503795401424
A4845358377508603712,201806,1182000.0,5207.04845814978,227,4,3,1,1,1,3,0,0,1.0,1,0,0,1,1,1,0,0,0,0,0,0,1967.0,7.0,1.0,1967,8,24,2.0,0,0,1,0.454144258388864,56.796032942390504,1.67419058906859,-0.371335316452768,39.4698496071167,Valencia,1.914872746802655,1.14616062060276,0.005475905536443664,5207.048458149779,0.01762114537444934,0.75,1368782.9817493374,186782.9817493374,15.802282719910101
A13240705032439239232,201812,1308000.0,2843.47826086957,460,1,1,0,0,0,3,0,0,1.0,0,0,0,0,0,0,0,0,0,0,0,0,1967.0,0.0,1.0,1900,5,13,4.0,0,0,1,0.633200988155001,169.253804709084,1.67419058906859,-3.70586776095474,40.4111262717792,Madrid,1.07797505450386,1.9600335221688,0.006038776969671786,2843.478260869565,0.002173913043478261,1.0,1478610.6005327567,170610.60053275665,13.04362389394164
A1277543420816102514,201812,1017000.0,4327.65957446809,235,3,3,0,1,0,3,0,0,1.0,0,0,0,0,0,0,0,1,0,0,0,0,1967.0,5.0,1.0,1918,7,9,3.0,0,0,1,0.809131405608171,209.807617571906,1.67419058906859,-0.367514253458819,39.4716189223204,Valencia,1.914872746802655,0.839224701690293,0.009393531251792195,4327.659574468085,0.01276595744680851,1.0,1169341.686505646,152341.68650564598,14.979516863878661
A17157049540473444137,201812,1342000.0,3195.2380952381,420,5,3,1,1,0,3,0,0,1.0,0,0,0,0,0,0,0,1,0,0,0,0,1967.0,2.0,1.0,1925,7,12,6.0,0,1,0,0.854562924911543,389.592720341599,1.67419058906859,-3.6948440769413,40.4130489113972,Madrid,0.120468765587649,1.9600335221688,0.009709748891678478,3195.2380952380954,0.011904761904761904,0.6,1486077.3223225973,144077.32232259726,10.736015076199498
A10247477199707569654,201806,1074000.0,2386.66666666667,450,9,9,1,0,1,3,1,1,1.0,0,1,0,0,1,1,0,0,1,0,0,0,1996.0,0.0,1.0,1996,3,3,4.0,0,0,1,11.5723259632898,999.85633739025,1.67419058906859,-3.58384137743934,40.4663205678812,Madrid,8.70550872103235,1.9600335221688,0.12977810974862855,2386.6666666666665,0.02,1.0,1212597.4746934732,138597.4746934732,12.904792801999365
A7969011298057090141,201803,2228000.0,5570.0,400,4,1,0,1,0,2,0,0,1.0,1,0,0,0,1,0,0,1,0,0,0,0,1967.0,1.0,1.0,1940,9,10,2.0,0,0,1,2.47862620624608,457.400210139839,0.274818408935585,2.14213091003377,41.3945487761184,Barcelona,1.914872746802655,1.9600335221688,0.02741747113851626,5570.0,0.01,0.25,2365905.7514396226,137905.7514396226,6.189665684004606
A11316274896060447720,201803,215000.0,839.84375,256,4,2,1,1,1,3,1,1,1.0,1,1,0,1,1,1,0,1,0,0,0,0,1996.0,6.0,1.0,1996,4,9,8.0,0,0,1,4.36397486287083,1342.27087926667,1.67419058906859,-3.67265776060635,40.3853690908407,Madrid,1.9964869566873,1.9600335221688,0.04424636849541301,839.84375,0.015625,0.5,341149.9366757012,126149.93667570117,58.67438915148892
A5340696697830742510,201809,677000.0,4513.33333333333,150,3,3,0,1,1,2,0,0,1.0,0,0,0,0,0,1,0,0,0,0,0,0,1907.0,4.0,1.0,1907,8,9,5.0,0,0,1,0.714801414017705,323.553917254847,1.67419058906859,-0.368704700774627,39.467790122423,Valencia,1.914872746802655,1.27431892288283,0.008446382627164057,4513.333333333333,0.02,1.0,801199.8310457368,124199.83104573679,18.34561758430381
A7555311884468722528,201809,2520000.0,7826.08695652174,322,4,5,1,1,1,3,1,1,1.0,1,0,0,0,1,1,0,1,0,0,0,0,1967.0,1.0,1.0,1955,8,18,3.0,0,0,1,2.44289183923436,187.280597472284,1.67419058906859,-3.69197386895068,40.4366067301226,Madrid,0.165369080171484,1.9600335221688,0.02306867863023493,7826.086956521739,0.012422360248447204,1.25,2640408.2745467476,120408.27454674756,4.778106132807443
A4303405563319652369,201803,2202000.0,4404.0,500,0,0,0,0,0,1,0,0,1.0,0,0,0,0,0,0,0,0,0,0,0,0,1967.0,0.0,1.0,2008,5,41,4.0,0,1,0,0.854251168227124,153.554804884346,1.67419058906859,-3.69628884743732,40.4217159288417,Madrid,0.349896545132469,1.9600335221688,0.008976846283438897,4404.0,0.0,0.5,2310956.3857642775,108956.38576427754,4.948064748604793
A8299834999984168039,201812,1973000.0,8541.12554112554,231,3,3,0,1,1,3,0,0,1.0,0,0,0,0,0,1,0,1,0,0,0,0,1900.0,2.0,1.0,1900,9,20,4.0,0,0,1,1.86475109830481,190.062456090392,1.67419058906859,-3.68370501971382,40.4234306761187,Madrid,0.615018680084941,1.9600335221688,0.02116067339412944,8541.12554112554,0.012987012987012988,1.0,2079827.929278966,106827.92927896604,5.414492107398177
A3086237346155749991,201812,2102000.0,5488.25065274152,383,4,3,1,1,1,3,1,1,1.0,1,0,1,1,1,1,1,0,1,0,0,1,2011.0,3.0,1.0,2011,6,10,3.0,0,0,1,5.63897550187892,414.98740163706,1.67419058906859,-3.68135897700554,40.4642823576629,Madrid,0.65882863943582,1.9600335221688,0.05251831873037745,5488.250652741514,0.010443864229765013,0.75,2200773.418530152,98773.41853015218,4.699020862519133
A1858683260282092085,201809,1540000.0,3556.58198614319,433,0,0,1,1,0,3,0,0,1.0,0,0,0,0,0,0,0,0,0,0,0,0,1967.0,1.0,1.0,1970,11,101,3.0,0,1,0,4.24116670846529,357.518786045127,1.67419058906859,-3.69389705881974,40.4539375305595,Madrid,0.293223368401826,1.9600335221688,0.03843519767189117,3556.581986143187,0.0,0.5,1633789.2776204848,93789.27762048482,6.090212832499015
A10624733790731576875,201806,2698000.0,5620.83333333333,480,8,6,0,1,0,3,0,0,1.0,0,0,0,1,0,0,0,1,0,0,0,0,1967.0,5.0,1.0,1940,7,25,2.0,0,1,0,0.727867546228849,320.734568412226,1.67419058906859,-3.69520800707875,40.4163440353671,Madrid,0.114246109024296,1.9600335221688,0.008604083106599247,5620.833333333333,0.016666666666666666,0.75,2785791.2639379916,87791.26393799158,3.253938618902579
A5188882124251209861,201812,3999000.0,6665.0,600,5,4,0,1,1,3,0,0,1.0,1,1,1,1,1,1,0,1,0,0,0,0,1967.0,1.0,1.0,2014,5,20,3.0,0,0,1,0.706418315565977,180.489593934756,1.67419058906859,-3.69779024150453,40.4209951629007,Madrid,0.445498069195786,1.9600335221688,0.0073291601795353704,6665.0,0.008333333333333333,0.8,4086723.1307259807,87723.13072598074,2.193626674818223
A3503464979930523283,201809,1006000.0,8314.04958677686,121,3,2,0,1,0,3,0,0,1.0,0,0,0,1,0,1,0,1,0,0,0,0,1938.0,3.0,1.0,1938,6,13,4.0,0,1,0,2.14127636166275,154.837283224353,1.67419058906859,-3.68109250599289,40.4250406961107,Madrid,0.796376372830721,1.9600335221688,0.024156559284629255,8314.049586776859,0.024793388429752067,0.6666666666666666,1090657.7260043928,84657.72600439284,8.415280914949587
A12971709075321349156,201812,1004000.0,3585.71428571429,280,4,2,0,1,1,3,1,1,1.0,0,0,0,0,0,1,0,0,0,0,0,0,1967.0,8.0,1.0,1947,8,10,5.0,0,0,1,0.263817998151614,229.485098955371,1.67419058906859,-0.374566286461169,39.4680037722757,Valencia,1.914872746802655,1.45554036100367,0.0031325536532565428,3585.714285714286,0.014285714285714285,0.5,1086312.208368256,82312.20836825599,8.19842712831235
A17576783834804985849,201803,1478000.0,5684.61538461539,260,3,3,0,1,0,3,0,0,1.0,0,0,0,0,0,0,0,0,0,0,0,0,1967.0,2.0,1.0,1932,4,3,5.0,0,0,1,4.35472327690622,582.820452563203,2.56314381459886,2.13240699892442,41.4140525819469,Barcelona,1.914872746802655,1.9600335221688,0.044947674592720074,5684.615384615385,0.011538461538461539,1.0,1554430.524487357,76430.52448735689,5.1712127528658245
A2431300472936671539,201809,1433000.0,5825.20325203252,246,3,3,1,1,1,3,0,0,1.0,0,0,1,0,0,1,0,0,0,0,0,0,1920.0,6.0,1.0,1920,8,10,4.0,0,0,1,0.459969663507439,335.683385771712,1.67419058906859,-0.372253721969762,39.4673749417819,Valencia,1.914872746802655,1.42869263222535,0.005352531911523798,5825.20325203252,0.012195121951219513,1.0,1508569.7919653743,75569.79196537426,5.273537471414812
A10665458438482848925,201812,1115000.0,9214.87603305785,121,2,2,0,1,0,3,0,0,1.0,0,0,0,0,0,1,0,0,0,0,0,0,1967.0,6.0,2.0,1985,4,13,2.0,0,0,1,1.87901857724851,141.626533616695,1.67419058906859,-3.68591781247943,40.4265797403812,Madrid,0.362641192420177,1.9600335221688,0.020381755381823206,9214.876033057852,0.01652892561983471,1.0,1187311.453236672,72311.4532366721,6.485332128849515
A16369579568655361104,201812,677000.0,1829.72972972973,370,5,3,1,0,0,3,0,0,1.0,0,1,1,0,0,1,0,0,0,1,0,0,1910.0,1.0,1.0,1910,8,12,8.0,0,0,1,1.04583763443684,344.080693126033,1.67419058906859,-0.371296244879767,39.4613173935848,Valencia,1.914872746802655,2.02495963074195,0.010449498416231374,1829.7297297297298,0.013513513513513514,0.6,743821.3177534706,66821.31775347062,9.870209417056222
A10382932999442798887,201812,1812000.0,7190.47619047619,252,6,5,0,1,1,3,1,1,1.0,0,1,1,0,1,0,1,1,1,0,0,0,1967.0,4.0,1.0,1974,7,29,4.0,0,0,1,4.84806660069255,401.95221866627503,1.67419058906859,-3.68179045561861,40.4567933495379,Madrid,0.698794979160335,1.9600335221688,0.045649622683397985,7190.476190476191,0.023809523809523808,0.8333333333333334,1873724.0735534239,61724.07355342386,3.4064058252441423
A15250430721218395240,201809,1436000.0,5523.07692307692,260,3,4,1,1,1,3,1,1,1.0,0,1,0,0,1,0,1,1,1,0,0,0,1967.0,1.0,1.0,1967,6,14,2.0,0,0,1,4.42994550038714,627.296826901973,0.605658117394977,2.11737629259474,41.391738966193,Barcelona,1.914872746802655,1.9600335221688,0.051407147634971055,5523.076923076923,0.011538461538461539,1.3333333333333333,1494737.3677249313,58737.36772493133,4.090345941847586
A1860252690232183192,201803,1579000.0,5540.35087719298,285,5,4,1,1,1,3,1,1,1.0,1,1,0,1,1,1,0,1,0,0,0,0,1967.0,7.0,1.0,1968,15,32,4.0,0,1,0,5.01067804635307,319.00816429243,1.67419058906859,-3.68644247440351,40.4596216648979,Madrid,0.27988208029465,1.9600335221688,0.04620582949651359,5540.350877192983,0.017543859649122806,0.8,1637668.8845956165,58668.88459561649,3.715572171983311
A15126789046818930459,201812,614000.0,2558.33333333333,240,4,2,0,1,0,3,0,0,1.0,0,1,1,0,0,0,0,0,0,0,0,0,1980.0,2.0,1.0,1980,8,10,4.0,0,1,0,1.87854683532001,172.194772114502,0.329763620217057,2.15309854781091,41.3980721595693,Barcelona,1.914872746802655,1.9600335221688,0.018819936499449626,2558.3333333333335,0.016666666666666666,0.5,672125.8357256404,58125.83572564041,9.466748489517983
A12411625040903201817,201812,1591000.0,8600.0,185,3,4,0,1,0,3,0,0,1.0,0,0,0,0,0,0,0,1,0,0,0,0,1967.0,1.0,1.0,1928,8,36,3.0,0,0,1,2.3393030096598,221.540469922511,1.67419058906859,-3.68365161081273,40.4309625431947,Madrid,0.45565148540753,1.9600335221688,0.024627935694724143,8600.0,0.016216216216216217,1.3333333333333333,1647632.479783193,56632.479783192975,3.559552469088182
A15862942411810385548,201812,616000.0,1062.06896551724,580,4,4,1,1,0,3,1,1,1.0,0,0,0,0,0,1,0,0,1,0,0,0,2009.0,1.0,1.0,2009,4,9,7.0,0,0,1,3.10579780067438,216.789477245987,1.67419058906859,-3.72584110704504,40.3943088247611,Madrid,2.63170692576005,1.9600335221688,0.03149068693118683,1062.0689655172414,0.006896551724137931,1.0,671344.0883792753,55344.08837927529,8.984429931700534
A13333655138144155820,201812,1919000.0,5562.31884057971,345,6,4,0,1,1,3,1,1,1.0,0,0,0,0,1,0,1,1,0,0,0,0,1967.0,4.0,1.0,1960,7,27,3.0,0,0,1,2.65693562235298,515.391979342413,1.67419058906859,-3.67319950275955,40.4113751526851,Madrid,1.60394074598409,1.9600335221688,0.0310776350411799,5562.31884057971,0.017391304347826087,0.6666666666666666,1973982.4009349137,54982.40093491366,2.8651589856651203
A6279689979963863619,201812,1443000.0,5550.0,260,5,4,1,1,1,3,0,0,1.0,0,0,0,0,0,0,1,0,1,0,0,0,1967.0,1.0,1.0,1970,8,53,1.0,0,0,1,4.53144118590561,631.8349717859841,0.641431805606996,2.11613718872726,41.3916411598694,Barcelona,1.914872746802655,1.9600335221688,0.05263396245464468,5550.0,0.019230769230769232,0.8,1497853.9990938457,54853.99909384572,3.801385938589447
A16687073263688152818,201803,1968000.0,8556.52173913044,230,4,3,0,1,1,3,1,1,1.0,0,0,0,0,0,1,0,0,0,0,0,0,1967.0,5.0,1.0,1987,7,16,3.0,0,0,1,1.04017583045371,521.041092404039,1.67419058906859,-3.69163751552976,40.4152843640175,Madrid,0.205443727801813,1.9600335221688,0.012256556650229575,8556.521739130434,0.017391304347826087,0.75,2022034.5342095823,54034.534209582256,2.745657226096659
A15930069111385559289,201803,1646000.0,5775.43859649123,285,4,4,1,1,1,3,1,1,1.0,0,1,0,0,1,1,1,1,1,0,0,0,1967.0,1.0,1.0,1966,6,11,2.0,0,0,1,4.89570523308977,764.207749946086,0.959250391813277,2.11209992788521,41.3936667086005,Barcelona,1.914872746802655,1.9600335221688,0.056846545943091666,5775.438596491228,0.014035087719298246,1.0,1699361.4138523703,53361.413852370344,3.241884195162233
A17679212741105701501,201812,1264000.0,3160.0,400,7,5,1,1,0,3,1,1,1.0,1,0,0,1,0,1,1,1,1,0,0,1,1981.0,6.0,1.0,1981,7,43,3.0,0,0,1,8.48753630153957,438.961061860943,1.67419058906859,-3.71157074306684,40.4926046195355,Madrid,2.56183429013029,1.9600335221688,0.07620186868267871,3160.0,0.0175,0.7142857142857143,1311645.3338113609,47645.33381136088,3.769409320519056
A4447243097497525713,201806,888000.0,7525.42372881356,118,1,2,1,1,1,3,1,1,1.0,0,0,1,0,0,1,0,0,0,0,0,0,2004.0,4.0,1.0,2004,7,21,5.0,0,0,1,1.20813821059012,256.356306537452,1.67419058906859,-3.7099410382728,40.426380659969,Madrid,1.61025831935364,1.9600335221688,0.011379868035681523,7525.423728813559,0.00847457627118644,2.0,933295.642090046,45295.64209004596,5.100860595725896
A15930069111385559289,201803,1625000.0,5701.75438596491,285,4,4,1,1,1,3,1,1,1.0,0,1,0,0,1,1,1,1,1,0,0,0,1967.0,1.0,1.0,1966,6,11,2.0,0,0,1,4.82809618709325,729.939474247719,0.928274258714003,2.1128897173543,41.3935234871084,Barcelona,1.914872746802655,1.9600335221688,0.05604580882484063,5701.754385964912,0.014035087719298246,1.0,1670179.9164372892,45179.91643728921,2.780302549987028
A5532424898660659529,201803,1013000.0,6065.86826347305,167,3,3,1,1,1,3,0,0,1.0,0,1,0,0,0,1,0,0,0,0,0,0,1900.0,3.0,1.0,1900,9,14,3.0,0,0,1,0.690741784753975,344.56089354286104,0.840120341758033,2.16241653051816,41.3893795746175,Barcelona,1.914872746802655,1.9600335221688,0.0064926119935740005,6065.868263473054,0.017964071856287425,1.0,1057483.4325582602,44483.43255826016,4.391256915919068
A5946471024372217388,201809,1604000.0,5628.0701754386,285,5,4,1,1,1,3,1,1,1.0,0,0,0,0,1,1,0,1,0,0,0,0,1967.0,10.0,1.0,1968,15,32,4.0,0,0,1,5.07916831859371,381.63302271492597,1.67419058906859,-3.68597613101694,40.4601559633054,Madrid,0.310624356610323,1.9600335221688,0.046876751803682115,5628.070175438596,0.017543859649122806,0.8,1648270.5138453902,44270.513845390175,2.7600070975929034
A7706338300935545972,201809,805000.0,8944.44444444445,90,3,1,1,0,0,3,0,0,1.0,0,1,0,0,0,1,0,0,0,1,0,0,1967.0,1.0,1.0,1915,3,4,7.0,0,0,1,8.81921295326604,528.204779437114,1.67419058906859,-3.6866113214342,40.4947285583946,Madrid,1.38453696798836,1.9600335221688,0.07980169725199093,8944.444444444445,0.03333333333333333,0.3333333333333333,848472.5331752673,43472.53317526728,5.400314680157426
A6288212278399764568,201812,1262000.0,8357.61589403973,151,2,3,1,1,1,3,0,0,1.0,0,0,0,0,0,0,0,0,0,1,0,0,1967.0,5.0,1.0,1953,6,22,3.0,1,0,0,1.421849993379,104.937686276092,1.67419058906859,-3.70451389212726,40.4293508019053,Madrid,1.24470457087201,1.9600335221688,0.012571088673436849,8357.615894039734,0.013245033112582781,1.5,1305117.8339534448,43117.833953444846,3.4166270961525234
A1972514335959843599,201803,343000.0,1400.0,245,8,2,1,1,0,3,0,0,1.0,1,0,0,1,1,1,0,0,0,0,0,0,1967.0,7.0,1.0,1957,7,15,6.0,0,1,0,1.3884379227989,249.97901043982202,1.67419058906859,-0.390596968494137,39.4760223171575,Valencia,1.914872746802655,2.14287905342689,0.014975170006071832,1400.0,0.0326530612244898,0.25,385165.33425802726,42165.33425802726,12.293100366771794
A4439292117412533787,201812,346000.0,1231.31672597865,281,4,2,1,1,0,3,0,0,1.0,0,0,0,0,0,0,0,0,0,0,0,0,1967.0,3.0,1.0,2002,9,111,3.0,1,0,0,2.37895787155044,631.097909707702,1.67419058906859,-0.400432631915345,39.4806660882385,Valencia,1.914872746802655,2.96069283276934,0.025846475470792735,1231.3167259786476,0.014234875444839857,0.5,388028.9410649197,42028.941064919694,12.147092793329392
A2414843719187974406,201806,95000.0,4523.80952380952,21,1,1,1,1,0,3,0,0,1.0,0,0,0,0,0,0,0,0,0,0,0,0,1968.0,0.0,2.0,1968,4,96,3.0,0,1,0,2.60616660238226,229.990222302381,1.04214616325857,2.14788104592021,41.4034560763106,Barcelona,1.914872746802655,1.9600335221688,0.02621207059070678,4523.809523809524,0.047619047619047616,1.0,136417.8307581494,41417.83075814939,43.59771658752567
A16327260025913678442,201803,1486000.0,4643.75,320,5,4,1,1,1,3,1,1,1.0,0,1,0,0,1,1,0,1,1,0,0,0,1964.0,2.0,1.0,1964,8,21,3.0,0,0,1,2.94142319372885,329.243033511045,1.67419058906859,-3.71331258182911,40.4419995527562,Madrid,1.83644209055968,1.9600335221688,0.026935231058373244,4643.75,0.015625,0.8,1527161.983260374,41161.98326037405,2.769985414560838
A4730137151672358592,201806,99000.0,4714.28571428571,21,1,1,1,1,0,3,0,0,1.0,0,1,0,1,0,0,0,0,0,0,0,0,1968.0,0.0,2.0,1968,4,6,4.0,0,1,0,2.70289215199936,294.568397166929,1.1188852679623,2.14699282306035,41.4040180958412,Barcelona,1.914872746802655,1.9600335221688,0.02725859872936873,4714.285714285715,0.047619047619047616,1.0,139089.06868038635,40089.06868038635,40.49400876806702
A14448919728977974959,201809,870000.0,5240.96385542169,166,3,2,0,1,1,3,0,0,1.0,0,0,0,0,0,1,0,0,0,0,0,0,1967.0,2.0,1.0,1942,6,10,5.0,0,0,1,0.501961919577371,380.11617921389103,1.67419058906859,-0.372096805104276,39.4669119450049,Valencia,1.914872746802655,1.46933077693938,0.005738584135302029,5240.963855421687,0.018072289156626505,0.6666666666666666,909443.2908057461,39443.2908057461,4.533711586867368
A11733877590399904127,201806,1598000.0,8410.52631578947,190,4,3,0,1,0,3,0,0,1.0,0,0,1,0,0,1,0,1,0,0,0,0,1990.0,5.0,1.0,1990,9,16,4.0,0,1,0,1.87015662003705,256.074124038045,1.67419058906859,-3.68296107930044,40.4221377715157,Madrid,0.710390255691479,1.9600335221688,0.021511681028602892,8410.526315789473,0.021052631578947368,0.75,1634883.7947143184,36883.794714318356,2.3081223225480825
A13081173520955129260,201809,492000.0,2860.46511627907,172,4,2,0,1,0,3,0,0,1.0,0,0,0,0,0,0,0,0,0,0,0,0,1967.0,1.0,1.0,1927,4,2,5.0,0,1,0,4.15850320050192,273.424133006182,2.55480859977129,2.17329432304726,41.4242444924651,Barcelona,1.914872746802655,1.9600335221688,0.037142338293150785,2860.4651162790697,0.023255813953488372,0.5,528804.6277755146,36804.627775514615,7.48061540152736
A6190589874932969975,201806,1978000.0,8909.90990990991,222,2,3,0,1,1,3,0,0,1.0,0,0,0,0,0,1,0,1,0,0,0,0,1967.0,1.0,1.0,1900,5,10,5.0,0,0,1,1.28288807729409,321.855280425548,1.67419058906859,-3.68961772529549,40.4206387926803,Madrid,0.225681870614522,1.9600335221688,0.01469262553243976,8909.90990990991,0.009009009009009009,1.5,2014709.9189942174,36709.91899421741,1.8559109703851069
A8147405516134520943,201806,915000.0,6354.16666666667,144,3,3,1,1,0,3,0,0,1.0,0,0,0,0,0,0,1,0,0,1,0,0,2011.0,0.0,1.0,2011,7,14,3.0,0,0,1,2.8494784470519,95.3303258323443,1.14061899567652,2.14416630059685,41.4036586742978,Barcelona,1.914872746802655,1.9600335221688,0.029348767545597464,6354.166666666667,0.020833333333333332,1.0,950304.7598220448,35304.759822044754,3.858443696398334
A1821297173880200197,201803,381000.0,3810.0,100,3,2,0,1,1,3,0,0,1.0,1,1,0,0,0,1,0,0,0,0,0,0,1967.0,5.0,1.0,1923,5,11,7.0,0,0,1,1.34715747547031,521.690079309687,1.67419058906859,-0.363022830801116,39.4637425127443,Valencia,1.914872746802655,1.53932872123395,0.015215437318467981,3810.0,0.03,0.6666666666666666,415687.8425569184,34687.84255691839,9.104420618613752
A11925404791455158978,201809,538000.0,3164.70588235294,170,2,2,0,1,1,3,1,1,1.0,0,0,1,0,1,0,0,0,0,0,0,0,1967.0,2.0,1.0,2013,7,27,4.0,0,0,1,2.07100977063004,32.1353224370051,1.05485592694269,2.19206402382287,41.3955144896921,Barcelona,1.914872746802655,1.9600335221688,0.024827512096933308,3164.705882352941,0.011764705882352941,1.0,571381.7806922909,33381.780692290864,6.204791950239938
A12882885166386667391,201809,279000.0,1328.57142857143,210,4,2,1,1,0,3,0,0,1.0,0,0,0,0,0,0,0,0,0,0,0,0,1967.0,2.0,1.0,1975,7,15,5.0,1,0,0,1.93334873285937,1286.4600776234001,1.67419058906859,-0.377020620752078,39.4871308003524,Valencia,1.914872746802655,1.2862574519788,0.016932237716534963,1328.5714285714287,0.01904761904761905,0.5,311141.53291179956,32141.532911799557,11.520262692401275
A13611997419646177468,201803,1780000.0,5476.92307692308,325,1,1,0,1,1,3,1,1,1.0,0,1,0,0,1,1,0,0,0,0,0,0,1967.0,0.0,2.0,1970,7,40,5.0,0,1,0,2.25338486898551,144.585118828045,1.67419058906859,-3.67745183076462,40.4193593631361,Madrid,1.2501164101016,1.9600335221688,0.026472180902197634,5476.923076923077,0.003076923076923077,1.0,1810141.0406951143,30141.040695114294,1.6933168929839493
A2963039060642633920,201812,895000.0,4031.53153153153,222,5,3,1,1,1,3,0,0,1.0,0,1,0,0,0,0,0,1,1,0,0,0,1960.0,7.0,1.0,1960,9,33,3.0,0,0,1,2.33451252509543,640.7655651329351,0.221355486212811,2.14238333529722,41.3900269332393,Barcelona,1.914872746802655,1.9600335221688,0.026347946530645056,4031.5315315315315,0.02252252252252252,0.6,923370.4420298734,28370.442029873375,3.1698817910473043
A5156807570163477501,201812,1135000.0,4024.82269503546,282,3,4,0,1,0,3,1,1,1.0,0,0,0,0,1,0,1,0,1,0,0,0,1967.0,2.0,1.0,2000,5,11,9.0,1,0,0,3.62558874423276,447.543721298091,1.67419058906859,-3.66869761751536,40.4352211870988,Madrid,1.69274012452268,1.9600335221688,0.039642368625333026,4024.822695035461,0.010638297872340425,1.3333333333333333,1163025.6899047217,28025.689904721687,2.4692237801516903
A16465391151308451660,201809,1953000.0,8641.59292035398,226,4,4,0,1,1,3,0,0,1.0,0,0,0,0,1,0,0,1,0,0,0,0,1965.0,6.0,1.0,1965,10,28,1.0,0,1,0,2.75031599002492,137.080897998496,1.67419058906859,-3.69026565748142,40.4390493762273,Madrid,0.0816661636856509,1.9600335221688,0.02604252618150176,8641.592920353982,0.017699115044247787,1.0,1980915.3631313879,27915.363131387858,1.429358071243618
A16855035368130534483,201803,378000.0,1871.28712871287,202,2,2,1,1,1,2,0,0,1.0,0,0,0,0,1,1,1,1,1,1,0,0,2004.0,5.0,1.0,2004,6,133,3.0,0,0,1,10.2189340381075,1197.3980622046101,1.67419058906859,-3.58851434998837,40.4435581121925,Madrid,8.54723492879118,1.9600335221688,0.11835023306572044,1871.2871287128712,0.009900990099009901,1.0,404612.2362550109,26612.23625501088,7.04027414153727
A7284449761970866925,201812,1296000.0,4628.57142857143,280,4,4,1,1,0,1,1,1,1.0,0,1,1,0,1,1,0,0,0,0,0,0,1967.0,3.0,1.0,1974,4,10,3.0,0,0,1,4.38139088666021,445.748731580292,1.67419058906859,-3.68540005896237,40.4533756138101,Madrid,0.429246002815712,1.9600335221688,0.040943050152301576,4628.571428571428,0.014285714285714285,1.0,1322349.1306722062,26349.13067220617,2.03311193458381
A11294130734372626690,201812,462000.0,1776.92307692308,260,5,2,0,1,1,3,1,1,1.0,0,1,1,0,0,1,0,0,0,0,0,0,1983.0,5.0,1.0,1983,8,29,2.0,0,0,1,1.86500586732178,464.948898032812,1.67419058906859,-0.395656577431054,39.4778114586313,Valencia,1.914872746802655,2.55176715370686,0.02033481779877467,1776.923076923077,0.019230769230769232,0.4,488277.4023140812,26277.402314081206,5.687749418632296
A5216530317876262085,201806,671000.0,6514.56310679612,103,4,2,1,1,0,3,1,1,1.0,0,0,1,0,0,0,0,1,0,0,0,0,1967.0,7.0,1.0,1973,11,23,2.0,0,0,1,3.25662657374965,411.76495192457304,0.485573218753021,2.13226704660013,41.3942430813844,Barcelona,1.914872746802655,1.9600335221688,0.03697176308469327,6514.563106796117,0.038834951456310676,0.5,696894.6972714601,25894.697271460085,3.8591203087123818
A16332337601310403629,201803,740000.0,3096.23430962343,239,4,4,1,1,1,3,1,1,1.0,0,0,1,0,1,1,1,0,1,0,0,0,1976.0,4.0,1.0,1976,6,41,2.0,0,1,0,7.41376536973287,1859.62179431697,1.67419058906859,-3.74195617118887,40.4765217913881,Madrid,4.61814240443965,1.9600335221688,0.07087020365709425,3096.234309623431,0.016736401673640166,1.0,765681.676878644,25681.676878644037,3.4704968754924375
A12848736631165394087,201809,673000.0,6533.98058252427,103,2,2,1,1,1,3,0,0,1.0,0,1,1,0,0,1,0,0,0,0,0,0,1967.0,1.0,1.0,1936,6,13,4.0,0,0,1,1.32984148233924,362.10868969991003,0.121900574247434,2.17267739040982,41.3987488054787,Barcelona,1.914872746802655,1.9600335221688,0.012059042182005833,6533.980582524272,0.019417475728155338,1.0,698553.076839337,25553.07683933701,3.7968910608227353
A14547905488917966566,201803,294000.0,1750.0,168,3,1,1,0,0,3,0,0,1.0,0,0,0,0,0,0,0,0,0,0,0,0,1967.0,0.0,1.0,1953,4,4,5.0,0,0,1,4.4866959872882,274.951133431777,2.46793933473338,2.19009719778599,41.4243589460562,Barcelona,1.914872746802655,1.9600335221688,0.042756206639916715,1750.0,0.017857142857142856,0.3333333333333333,319434.8432471582,25434.84324715822,8.651307226924565
A5917008667747963977,201812,926000.0,7590.16393442623,122,3,2,1,1,0,3,1,1,1.0,1,1,0,1,1,1,0,1,0,0,0,0,1965.0,3.0,1.0,1965,16,29,3.0,0,0,1,3.73080545317716,430.81811693606096,1.67419058906859,-3.68959393274557,40.4483146426947,Madrid,0.129085662276383,1.9600335221688,0.03456855581321997,7590.163934426229,0.02459016393442623,0.6666666666666666,951156.881658864,25156.881658863975,2.7167258810868224
A10409679973477126874,201812,814000.0,6840.33613445378,119,2,2,0,1,1,3,0,0,1.0,0,0,0,0,0,1,0,1,0,0,0,0,1967.0,0.0,1.0,1969,3,16,3.0,0,0,1,1.33664599396877,334.22265297235896,1.67419058906859,-3.68955850180718,40.4217652759261,Madrid,0.193327537122655,1.9600335221688,0.015082249029848654,6840.336134453782,0.01680672268907563,1.0,838951.3539738292,24951.353973829187,3.0652769009618166
A5545313367453071806,201803,1355000.0,7131.57894736842,190,4,3,1,1,0,3,0,0,1.0,0,0,0,0,0,1,0,1,0,0,0,0,1967.0,2.0,1.0,1991,8,19,4.0,0,0,1,1.63280451155536,436.47336246698796,1.67419058906859,-3.71841449566368,40.4261391259344,Madrid,2.28470047659038,1.9600335221688,0.017343666184582295,7131.578947368421,0.021052631578947368,0.75,1379239.7532866257,24239.753286625724,1.7889116816697952
A9802305555190630973,201803,512000.0,7876.92307692308,65,2,1,0,1,1,3,0,0,50001.0,0,0,0,0,1,1,0,1,0,0,0,0,1967.0,1.0,2.0,1950,8,16,4.0,0,0,1,2.00289921915943,310.272581837906,1.67419058906859,-3.68563866502696,40.4281129316274,Madrid,0.352749760499269,1.9600335221688,0.02139664716747049,7876.923076923077,0.03076923076923077,0.5,536233.845646267,24233.845646266942,4.733172977786512
A4416839552919121463,201803,153000.0,7285.71428571429,21,1,1,0,0,0,3,0,0,1.0,0,0,0,0,0,0,0,0,0,0,0,0,1967.0,4.0,2.0,1962,8,17,4.0,0,0,1,1.49420058355487,150.904289522249,1.67419058906859,-3.70071072268332,40.4298063488948,Madrid,0.938187092245276,1.9600335221688,0.013368199052698737,7285.714285714285,0.047619047619047616,1.0,176846.76696324325,23846.76696324325,15.586122198198204
A10348218723161937166,201809,984000.0,5178.94736842105,190,3,3,1,1,0,3,0,0,1.0,0,0,0,0,0,0,0,0,0,0,0,0,1966.0,2.0,1.0,1966,7,14,1.0,0,0,1,2.27104011527917,694.972290507332,0.122757316641808,2.14370338742942,41.3920564829904,Barcelona,1.914872746802655,1.9600335221688,0.025328327053507436,5178.9473684210525,0.015789473684210527,1.0,1007750.9522009812,23750.952200981206,2.413714654571261
A14101003492118115711,201806,1955000.0,8688.88888888889,225,4,4,0,1,1,3,0,0,191.0,0,0,0,1,0,1,0,1,0,0,0,0,1967.0,4.0,1.0,1920,5,11,4.0,0,0,1,1.87918644378026,176.57019302872,1.67419058906859,-3.68633469529737,40.4270006907811,Madrid,0.317764666972569,1.9600335221688,0.02022599715137145,8688.888888888889,0.017777777777777778,1.0,1978739.0974415862,23739.0974415862,1.2142760839686038
A4404308716618316839,201812,1740000.0,9062.5,192,3,4,0,1,1,3,0,0,1.0,0,0,0,0,1,1,0,0,0,0,0,0,1967.0,3.0,1.0,1990,9,30,4.0,0,0,1,2.40318367799672,151.869415581417,1.67419058906859,-3.68115018816508,40.429589918022,Madrid,0.693119754725907,1.9600335221688,0.026011458612826745,9062.5,0.015625,1.3333333333333333,1763716.8935300743,23716.893530074274,1.3630398580502456
A15189919480882823999,201809,241000.0,1535.03184713376,157,3,2,1,1,0,3,1,1,1.0,0,0,0,0,1,1,1,1,1,0,0,0,2019.0,0.0,1.0,1993,8,64,4.0,0,0,1,9.02580764039823,1392.3186902672,1.67419058906859,-3.67743830554763,40.3380342136224,Madrid,6.07347605660158,1.9600335221688,0.08306014711088676,1535.031847133758,0.01910828025477707,0.6666666666666666,264304.82523141423,23304.82523141423,9.67005196324242
A466865191039183698,201809,1468000.0,8896.9696969697,165,3,3,0,1,0,2,0,0,1.0,0,0,0,0,0,0,0,0,0,0,0,0,1967.0,3.0,1.0,1966,8,27,5.0,0,0,1,2.00669112864337,308.14129120755103,1.67419058906859,-3.68553211353685,40.4280685183446,Madrid,0.362829378515343,1.9600335221688,0.021463810973663185,8896.969696969696,0.01818181818181818,1.0,1491075.1090687003,23075.109068700345,1.5718739147616039
A16335867353580918910,201812,682000.0,3294.68599033816,207,4,3,0,1,1,3,1,1,1.0,0,0,0,0,0,1,0,0,0,0,0,0,2000.0,6.0,1.0,2000,20,135,0.0,0,0,1,1.75957780320157,806.3208363411129,1.67419058906859,-0.357700635167416,39.4637207242991,Valencia,1.914872746802655,1.37782210095928,0.02016845930199889,3294.685990338164,0.01932367149758454,0.75,704809.4185331147,22809.418533114716,3.3444895209845624
A5668168155783489455,201803,1207000.0,5693.3962264151,212,5,3,0,1,1,1,1,1,1.0,1,0,1,0,1,1,0,0,0,0,0,0,1967.0,2.0,2.0,1967,8,21,4.0,0,1,0,2.36729866437389,251.91435466175898,1.67419058906859,-3.68268037907207,40.4305178311734,Madrid,0.546833771280342,1.9600335221688,0.025183670904799064,5693.396226415094,0.02358490566037736,0.6,1229715.9014069778,22715.90140697779,1.8820133725747965
A13464353139015344183,201812,449000.0,3230.21582733813,139,4,3,0,1,1,3,1,1,1.0,0,0,0,0,0,0,0,0,0,0,0,0,1970.0,7.0,1.0,1970,12,40,4.0,0,0,1,1.61539468593995,244.693872159074,1.67419058906859,-0.363303367748963,39.4800097204562,Valencia,1.914872746802655,0.162721598319032,0.016685014160874888,3230.2158273381297,0.02877697841726619,0.75,471649.6855478534,22649.685547853413,5.044473395958444
A1061653935099562405,201806,902000.0,4747.36842105263,190,4,4,0,1,1,3,1,1,1.0,0,0,0,0,1,1,0,1,0,0,0,0,1976.0,4.0,1.0,1976,7,15,3.0,0,1,0,2.60529022123828,50.2066442795019,0.699239842363591,2.14340368874236,41.3991553196546,Barcelona,1.914872746802655,1.9600335221688,0.02780362640328819,4747.368421052632,0.021052631578947368,1.0,923963.5476510184,21963.547651018365,2.4349831098689982
A17250852479300099317,201812,922000.0,4116.07142857143,224,7,2,0,1,1,3,0,0,1.0,0,0,0,0,1,0,0,0,0,0,0,0,1967.0,0.0,1.0,1985,8,21,2.0,0,1,0,2.80890850425318,174.365060218122,0.818856310614322,2.14106188312767,41.3997824342884,Barcelona,1.914872746802655,1.9600335221688,0.03019391593981458,4116.071428571428,0.03125,0.2857142857142857,943570.441717762,21570.441717762034,2.3395273012757087
A10669244663526854914,201803,626000.0,3660.81871345029,171,3,2,0,1,0,3,0,0,1.0,0,0,0,0,0,1,0,1,0,0,0,0,1964.0,3.0,1.0,1964,8,31,2.0,0,0,1,3.10790663312672,175.430173651815,1.35660049272631,2.14159155562531,41.4049714728423,Barcelona,1.914872746802655,1.9600335221688,0.03222130856108093,3660.8187134502923,0.017543859649122806,0.6666666666666666,647542.0264797616,21542.026479761582,3.44121828750185
A13143937030371723153,201803,752000.0,6372.8813559322,118,2,2,1,0,1,3,0,0,1.0,0,0,0,0,0,1,0,0,0,0,0,0,1967.0,2.0,1.0,1920,6,23,2.0,0,0,1,0.160220543063161,309.144797050603,1.67419058906859,-3.70197213219761,40.4161950560062,Madrid,0.67240064143689,1.9600335221688,0.0019253721558830654,6372.881355932203,0.01694915254237288,1.0,773411.5125401722,21411.512540172203,2.847275603746304
A7757915983009701748,201809,1275000.0,6100.47846889952,209,3,2,1,1,0,3,0,0,1.0,0,0,1,0,0,1,0,1,0,0,0,0,1960.0,7.0,1.0,1960,9,86,2.0,0,1,0,2.13156163344041,194.46245734409,1.67419058906859,-3.69181158868169,40.4334275180017,Madrid,0.276320445130514,1.9600335221688,0.02049869168590483,6100.478468899521,0.014354066985645933,0.6666666666666666,1295272.1784195607,20272.17841956066,1.5899747780047577
A10238026043531150538,201803,779000.0,2480.89171974522,314,5,4,0,1,0,3,0,0,1.0,1,1,1,0,0,0,0,1,0,1,0,0,1975.0,0.0,1.0,1975,4,50,3.0,0,1,0,6.25272961620324,445.83985212287104,1.67419058906859,-3.67392929322676,40.467956532433,Madrid,1.21112117235771,1.9600335221688,0.05923892245560569,2480.891719745223,0.01592356687898089,0.8,799180.0141488677,20180.01414886769,2.5905024581344915
A9472485540492132453,201812,2154000.0,7584.50704225352,284,5,4,0,1,0,3,1,1,1.0,0,0,0,0,1,1,1,1,1,0,0,0,1972.0,2.0,1.0,1972,8,13,4.0,0,1,0,3.69970580451654,481.31182929903696,1.67419058906859,-3.68918887194251,40.4479116534453,Madrid,0.16542333897734,1.9600335221688,0.03437179138789348,7584.507042253521,0.017605633802816902,0.8,2173728.7912655,19728.791265499778,0.9159141720287733
A13612823402496049128,201812,1024000.0,6360.24844720497,161,4,3,1,0,1,2,1,1,1.0,0,1,0,1,1,1,1,0,0,0,0,0,1996.0,1.0,1.0,1996,6,165,4.0,0,1,0,8.00070256650229,713.7057905292919,1.67419058906859,-3.62867809577203,40.4601484695012,Madrid,5.14032044137436,1.9600335221688,0.08673171451627432,6360.248447204969,0.024844720496894408,0.75,1043628.8176241034,19628.817624103394,1.916876721103847
A11900167302497479285,201803,724000.0,3217.77777777778,225,5,3,0,1,0,3,0,0,1.0,0,0,0,0,0,0,0,0,0,1,0,0,1967.0,2.0,1.0,1967,8,28,4.0,0,0,1,2.83067012777602,373.977011839353,1.53493110656755,2.16070920850516,41.4114147391749,Barcelona,1.914872746802655,1.9600335221688,0.02527790117975798,3217.777777777778,0.022222222222222223,0.6,743240.7282025306,19240.72820253065,2.657559143995946
A7552572674001746575,201806,431000.0,2092.23300970874,206,5,3,1,1,1,3,1,1,1.0,0,1,1,0,1,1,0,1,0,0,0,0,1970.0,11.0,1.0,1970,12,56,3.0,0,0,1,1.87472476164986,210.664909009695,1.67419058906859,-0.363166197545439,39.4830245441984,Valencia,1.914872746802655,0.482375649972036,0.018717625470843314,2092.233009708738,0.024271844660194174,0.6,450000.88729883195,19000.88729883195,4.408558538012053
A10723868436703936838,201812,630000.0,2787.61061946903,226,5,2,0,1,1,3,0,0,1.0,0,0,1,0,0,1,0,1,0,0,0,0,1967.0,8.0,1.0,1967,10,59,3.0,0,1,0,0.306207831525094,313.074472359901,1.67419058906859,-0.373977261719266,39.4716119991336,Valencia,1.914872746802655,1.09479211163002,0.0031561991310456406,2787.6106194690265,0.022123893805309734,0.4,648400.0307915455,18400.03079154552,2.9206398081818286
A1627364315121732276,201812,1198000.0,6618.78453038674,181,4,4,0,1,1,3,0,0,1.0,0,0,0,0,0,0,0,0,0,0,0,0,1948.0,2.0,1.0,1948,6,12,4.0,0,0,1,0.555665022078331,295.734590599833,0.760496444899953,2.16978219741388,41.3919559621535,Barcelona,1.914872746802655,1.9600335221688,0.004706844151821869,6618.784530386741,0.022099447513812154,1.0,1216202.945866545,18202.945866544964,1.5194445631506648
A11453888742683061443,201806,993000.0,5226.31578947368,190,3,2,0,1,1,3,0,0,1.0,0,0,0,0,0,0,0,0,0,0,0,0,1967.0,3.0,1.0,1946,4,18,6.0,0,0,1,0.382313223044661,199.952990234027,1.62499806685949,2.16920150875935,41.3835913140148,Barcelona,1.914872746802655,1.9600335221688,0.0038558918192064737,5226.315789473684,0.015789473684210527,0.6666666666666666,1011022.2515906569,18022.25159065693,1.814929666732823
A13216614768552165954,201803,971000.0,4601.89573459716,211,4,3,1,1,1,3,1,1,1.0,0,1,1,0,1,1,0,1,0,0,0,0,1964.0,1.0,1.0,1964,9,36,2.0,0,1,0,2.71293205259487,516.5548257447659,0.255473681164894,2.13882575370864,41.3937244970378,Barcelona,1.914872746802655,1.9600335221688,0.03043854472539268,4601.895734597157,0.018957345971563982,0.75,988615.8211762018,17615.821176201804,1.8141937359631106
A2052853682740491491,201803,683000.0,5598.36065573771,122,3,2,1,1,1,3,0,0,1.0,0,1,1,1,0,1,0,0,0,1,0,0,1930.0,5.0,1.0,1930,8,13,4.0,0,0,1,0.827490211953014,76.620074624849,1.73592402126266,2.16377655586616,41.3812066624538,Barcelona,1.914872746802655,1.9600335221688,0.007850034603328261,5598.360655737705,0.02459016393442623,0.6666666666666666,699942.1926699681,16942.19266996812,2.480555295749359
A1145478531584817648,201812,2297000.0,5469.04761904762,420,5,5,0,1,1,3,1,1,1.0,0,0,0,0,1,1,0,1,0,0,0,0,1973.0,2.0,1.0,1973,5,10,3.0,0,0,1,4.26624865508841,543.4767540070729,0.470836206977675,2.11922249740878,41.3908913634078,Barcelona,1.914872746802655,1.9600335221688,0.04950078161596327,5469.047619047619,0.011904761904761904,1.0,2313922.120172223,16922.120172223076,0.7367052752382707
A3314608426496425720,201812,349000.0,1565.02242152466,223,6,1,1,1,0,3,0,0,1.0,0,0,0,0,0,0,0,1,0,0,0,0,1967.0,4.0,1.0,1963,10,10,4.0,0,1,0,0.430730361576305,242.021311485979,1.67419058906859,-0.37503322000111,39.4660954458702,Valencia,1.914872746802655,1.66078926749394,0.0044686548500532585,1565.0224215246637,0.026905829596412557,0.16666666666666666,365714.95163334254,16714.95163334254,4.789384422161187
A16960888010479292919,201812,1986000.0,4555.04587155963,436,10,4,0,1,0,3,0,0,1.0,0,0,0,0,0,0,0,1,0,0,0,0,1967.0,2.0,1.0,1922,7,10,1.0,0,0,1,2.20771956979952,397.197102465157,0.29224807459154,2.14655607647465,41.396078990214,Barcelona,1.914872746802655,1.9600335221688,0.023690914619875023,4555.045871559633,0.022935779816513763,0.4,2002442.2867086148,16442.28670861479,0.8279097033542189
A8136715261001271360,201812,1232000.0,5133.33333333333,240,6,5,0,1,1,3,1,1,1.0,0,0,0,0,1,0,0,1,0,0,0,0,1982.0,5.0,1.0,1982,8,32,1.0,0,0,1,3.38710885634974,108.662990612751,0.803084634713957,2.13181436286939,41.3971443094238,Barcelona,1.914872746802655,1.9600335221688,0.038054364601865474,5133.333333333333,0.025,0.8333333333333334,1248254.2455318058,16254.245531805791,1.3193381113478726
A145455398719750213,201809,857000.0,4558.51063829787,188,4,3,1,1,0,2,0,0,1.0,0,0,0,0,1,0,0,1,0,0,0,0,1967.0,1.0,1.0,1969,6,12,1.0,0,0,1,4.01777295676864,116.738305849363,1.2978731862089,2.12528982438533,41.4002268487294,Barcelona,1.914872746802655,1.9600335221688,0.04516967301299124,4558.510638297872,0.02127659574468085,0.75,873193.788476128,16193.788476128015,1.8895902539239224
A6998572855604516350,201803,897000.0,4746.03174603175,189,3,2,0,1,0,3,0,0,1.0,0,0,0,0,0,0,0,0,0,0,0,0,1934.0,2.0,1.0,1934,8,18,1.0,0,0,1,2.71944950981553,123.21353289833,0.812632198154203,2.14254242521935,41.4000582120867,Barcelona,1.914872746802655,1.9600335221688,0.02896942416895794,4746.0317460317465,0.015873015873015872,0.6666666666666666,912810.6443661851,15810.644366185064,1.762613641715169
A7452109386404580882,201812,574000.0,5683.16831683168,101,3,2,0,1,1,3,0,0,1.0,0,0,0,0,0,0,0,0,0,0,0,0,1920.0,3.0,1.0,1920,10,15,4.0,0,0,1,1.25095324066706,298.02258694173,1.22925584500486,2.15563333829428,41.3838865625357,Barcelona,1.914872746802655,1.9600335221688,0.01343423085279274,5683.168316831683,0.0297029702970297,0.6666666666666666,589550.2675868226,15550.267586822622,2.709105851362826
A13710018872206161730,201812,574000.0,3437.12574850299,167,6,2,1,1,1,3,0,0,1.0,0,0,1,1,0,1,0,0,0,1,0,0,2004.0,0.0,1.0,2004,7,8,3.0,0,0,1,4.65439548324977,242.50632058587198,0.906006189907527,2.11590937770973,41.3770302711242,Barcelona,1.914872746802655,1.9600335221688,0.053701331029067954,3437.125748502994,0.03592814371257485,0.3333333333333333,589013.9214982069,15013.92149820691,2.6156657662381377
A2672792713309098372,201809,490000.0,4803.92156862745,102,4,2,0,1,0,3,0,0,1.0,0,0,0,0,0,1,0,0,0,0,0,0,1967.0,5.0,2.0,1970,10,32,3.0,0,0,1,2.23439441107351,116.71721858419,0.88587155816779,2.14355457183547,41.3841224571223,Barcelona,1.914872746802655,1.9600335221688,0.025258973836238444,4803.921568627451,0.0392156862745098,0.5,504942.8138798981,14942.813879898109,3.0495538530404303
A15421441962749511745,201812,473000.0,3378.57142857143,140,4,2,1,1,1,3,1,1,1.0,0,0,1,0,1,1,1,1,1,0,0,0,2008.0,2.0,1.0,2008,2,2,5.0,0,0,1,2.71512781719456,904.911217022894,1.67419058906859,-0.404306999024309,39.4815184455735,Valencia,1.914872746802655,3.29893102213734,0.02974461641244744,3378.5714285714284,0.02857142857142857,0.5,487884.76831732254,14884.768317322538,3.146885479349374
A15638349784015637811,201803,779000.0,4100.0,190,5,2,0,1,0,3,1,1,1.0,0,0,0,0,1,0,0,0,0,0,0,0,1960.0,1.0,1.0,1960,8,17,2.0,0,0,1,3.31452751910924,357.06452575108597,1.13109610744856,2.13510391902913,41.4011025562676,Barcelona,1.914872746802655,1.9600335221688,0.03619043366241835,4100.0,0.02631578947368421,0.4,793669.024008154,14669.024008154054,1.88305828089269
A10320917247049535618,201812,628000.0,6038.46153846154,104,3,2,1,1,1,3,1,1,1.0,1,0,1,0,1,0,0,0,0,0,0,0,2007.0,2.0,1.0,2007,14,13,6.0,0,0,1,3.40757228346072,562.969281657544,1.99490356310033,2.20730996789555,41.3994241525124,Barcelona,1.914872746802655,1.9600335221688,0.0405344527299435,6038.461538461538,0.028846153846153848,0.6666666666666666,642544.2211321307,14544.221132130711,2.3159587790017055
A12541149760248148501,201803,610000.0,4206.89655172414,145,2,2,1,1,1,3,0,0,1.0,0,0,0,0,0,1,0,0,0,0,0,0,1967.0,5.0,1.0,1973,8,33,2.0,0,0,1,0.601025524961619,338.931494574993,1.67419058906859,-0.370629841922769,39.4669778604013,Valencia,1.914872746802655,1.41387758465863,0.0069608213805209115,4206.896551724138,0.013793103448275862,1.0,624361.2389222739,14361.238922273857,2.3543014626678453
A4233999618733207503,201809,282000.0,2792.07920792079,101,3,2,0,1,0,3,0,0,1.0,0,0,1,0,0,1,1,0,1,0,0,0,1973.0,3.0,1.0,1973,7,15,5.0,0,1,0,5.47542860227704,71.38684374469919,3.82434147468477,2.17312554526967,41.4361000401309,Barcelona,1.914872746802655,1.9600335221688,0.04890986064935595,2792.079207920792,0.0297029702970297,0.6666666666666666,296285.30034411355,14285.300344113552,5.065709341884238
A12763541885413052926,201812,520000.0,3132.53012048193,166,5,2,0,1,0,3,0,0,1.0,0,1,0,1,0,0,0,0,0,0,0,0,1922.0,2.0,1.0,1922,5,10,3.0,0,1,0,0.851809747485301,380.19735875834897,1.67419058906859,-0.366782981129777,39.4688186403064,Valencia,1.914872746802655,1.10710004444272,0.01011181594222801,3132.5301204819275,0.030120481927710843,0.4,534148.9343244283,14148.934324428323,2.7209489085439085
A6168895352806886082,201812,454000.0,2225.49019607843,204,5,2,0,1,0,1,0,0,1.0,1,0,1,0,0,0,0,0,0,0,0,0,1959.0,2.0,1.0,1959,8,24,3.0,0,1,0,1.42435190790864,665.271058174256,1.67419058906859,-0.361456326060735,39.4645988270825,Valencia,1.914872746802655,1.40177447250147,0.01633405852830914,2225.4901960784314,0.024509803921568627,0.4,468030.6733141815,14030.673314181506,3.09045667713249
A4883747776050244309,201812,196000.0,1633.33333333333,120,3,1,0,0,0,3,0,0,1.0,0,0,0,0,0,0,0,0,0,0,0,0,1967.0,0.0,1.0,1929,5,11,5.0,0,0,1,1.80045703176406,323.114793268926,2.59147372495203,2.16094314958045,41.3723040798126,Barcelona,1.914872746802655,1.9600335221688,0.016926729295752358,1633.3333333333333,0.025,0.3333333333333333,209983.35662383708,13983.356623837084,7.1343656244066755
A11057178562980201996,201812,627000.0,2774.33628318584,226,4,2,1,1,1,3,0,0,1.0,0,0,1,0,0,1,0,1,0,0,0,0,1967.0,8.0,1.0,1967,9,30,2.0,0,1,0,0.261860868124492,344.474200330959,1.67419058906859,-0.374494700540797,39.4714525236076,Valencia,1.914872746802655,1.13667049138243,0.0026235893322332756,2774.336283185841,0.017699115044247787,0.5,640746.0732774548,13746.073277454823,2.1923561846020454
A16789068328629290375,201812,57000.0,1212.76595744681,47,1,1,0,0,0,3,0,0,1.0,1,0,0,0,0,0,0,0,0,0,0,0,1960.0,-1.0,2.0,1960,3,4,5.0,0,1,0,3.89203532821135,663.226862502976,2.55011094457105,2.16245185551822,41.4214647428945,Barcelona,1.914872746802655,1.9600335221688,0.034615117926092065,1212.7659574468084,0.02127659574468085,1.0,70655.01006275215,13655.010062752146,23.956158004828325
A16163817978564370741,201803,260000.0,2574.25742574257,101,3,2,0,0,0,3,0,0,1.0,0,0,0,0,0,0,0,0,0,0,0,0,1997.0,2.0,1.0,1997,10,41,2.0,0,0,1,4.99311330184828,22.6155190099401,2.93883274939269,2.21004661590978,41.4203037726787,Barcelona,1.914872746802655,1.9600335221688,0.05291956374408633,2574.2574257425745,0.0297029702970297,0.6666666666666666,273555.9375807699,13555.937580769882,5.213822146449954
A1492173584645319926,201812,1263000.0,5031.87250996016,251,4,3,1,1,1,3,1,1,1.0,0,0,0,0,1,1,1,0,1,0,0,0,1967.0,4.0,1.0,1974,11,61,2.0,0,0,1,4.13677595661641,435.591403208036,0.276767837843207,2.12061489446221,41.3894427671459,Barcelona,1.914872746802655,1.9600335221688,0.04802856703135377,5031.87250996016,0.01593625498007968,0.75,1276531.1285759173,13531.128575917333,1.0713482641264713
A8592301233447939246,201809,231000.0,2242.71844660194,103,4,2,1,1,1,3,0,0,1.0,0,0,1,0,0,0,0,0,0,0,0,0,1970.0,3.0,1.0,1970,8,13,5.0,0,0,1,1.37555467389201,262.381846677634,1.86075686607527,2.15803983296341,41.3785026481951,Barcelona,1.914872746802655,1.9600335221688,0.013808692804925365,2242.7184466019417,0.038834951456310676,0.5,244411.03871017174,13411.038710171735,5.805644463277807
A16325271960003350688,201812,373000.0,2762.96296296296,135,3,2,0,1,1,3,0,0,1.0,1,0,1,0,1,1,0,0,0,0,0,0,1955.0,3.0,1.0,1955,6,12,3.0,0,0,1,0.257551869982357,341.55289198658403,1.67419058906859,-0.379607856063984,39.4699373383404,Valencia,1.914872746802655,1.56455139213651,0.0028201146826812126,2762.962962962963,0.022222222222222223,0.6666666666666666,386107.97645669786,13107.976456697856,3.514202803404251
A10596896750031084678,201812,571000.0,6639.53488372093,86,2,2,0,1,1,3,0,0,1.0,1,0,0,1,0,1,0,0,0,0,0,0,1965.0,4.0,1.0,1965,7,15,3.0,0,0,1,1.16610168234187,384.612047074418,0.70498962035014,2.15636997583065,41.3891112390598,Barcelona,1.914872746802655,1.9600335221688,0.01234916314179556,6639.53488372093,0.023255813953488372,1.0,584102.319709064,13102.319709063973,2.294626919275652
A8328073656298458396,201803,1058000.0,4215.13944223108,251,5,3,0,1,1,2,0,0,1.0,0,0,0,0,0,1,0,0,0,0,0,0,1990.0,5.0,1.0,1990,7,12,2.0,0,0,1,0.367137162658814,268.08150731985,1.67419058906859,-0.372788212592844,39.4683059232785,Valencia,1.914872746802655,1.35430254162288,0.0044364360501576395,4215.139442231076,0.0199203187250996,0.6,1071059.4487881302,13059.44878813019,1.2343524374414168
A1777204489108093416,201812,513000.0,5965.11627906977,86,3,2,0,1,1,2,1,1,1.0,0,1,1,0,0,0,1,0,1,0,0,0,2016.0,8.0,1.0,2016,10,47,6.0,0,0,1,3.69589981916727,336.092422929438,1.96712452582761,2.20717282946744,41.4050302049706,Barcelona,1.914872746802655,1.9600335221688,0.042410933736827854,5965.116279069767,0.03488372093023256,0.6666666666666666,526025.3434217757,13025.343421775731,2.5390532985917607
A9907150807440592600,201803,276000.0,2208.0,125,4,2,1,0,0,3,0,0,1.0,0,0,0,0,0,0,0,0,0,0,0,0,1936.0,0.0,1.0,1936,4,14,5.0,0,0,1,1.94731123040843,312.973631799997,2.44997948739208,2.15658660442504,41.372679967626,Barcelona,1.914872746802655,1.9600335221688,0.019000027008720312,2208.0,0.032,0.5,288939.56792799843,12939.567927998432,4.6882492492747945
A11865966291973946433,201803,631000.0,5486.95652173913,115,3,2,1,1,0,3,0,0,1.0,0,1,0,1,1,1,0,0,0,0,0,0,1910.0,1.0,1.0,1910,4,11,3.0,0,0,1,1.0204084700848,46.230703689882304,0.946167928163384,2.1796286126702,41.3926463298696,Barcelona,1.914872746802655,1.9600335221688,0.01221287331179477,5486.95652173913,0.02608695652173913,0.6666666666666666,643898.6199195611,12898.619919561082,2.044155296285433
A7969071266352422616,201809,1032000.0,4755.7603686636,217,5,3,1,1,1,3,1,1,1.0,0,0,0,0,1,1,0,1,1,0,0,0,1967.0,1.0,1.0,1966,8,14,2.0,0,0,1,2.9397040802666,293.551895260583,0.461738773612264,2.13655690104259,41.3951225142742,Barcelona,1.914872746802655,1.9600335221688,0.03296054334366455,4755.760368663595,0.02304147465437788,0.6,1044417.452289538,12417.452289537992,1.203241500924224
A16601606711878699361,201806,582000.0,5060.86956521739,115,1,2,0,1,1,3,0,0,1.0,0,0,0,0,0,0,1,0,0,0,0,0,1967.0,0.0,1.0,2011,8,60,3.0,0,0,1,3.29122165287979,297.95856640721,1.4418471870097,2.20065254874567,41.4055869986105,Barcelona,1.914872746802655,1.9600335221688,0.03685285334342485,5060.869565217391,0.008695652173913044,2.0,593925.8209188981,11925.820918898098,2.04911012352201
A11448056669558794476,201812,1172000.0,6010.25641025641,195,5,3,0,0,0,3,1,1,1.0,0,0,0,0,0,0,0,0,0,0,0,0,1967.0,2.0,1.0,1962,9,17,3.0,0,0,1,2.57679236541753,635.922939618625,0.193405105723366,2.14032789055241,41.3932160722287,Barcelona,1.914872746802655,1.9600335221688,0.028864145038194473,6010.25641025641,0.02564102564102564,0.6,1183843.914688979,11843.914688979043,1.0105729256808056
A17724121028156225560,201803,419000.0,3080.88235294118,136,3,2,1,1,1,3,1,1,1.0,0,0,0,0,0,1,0,0,0,0,0,0,1967.0,6.0,1.0,2001,10,77,3.0,0,0,1,3.31674939540662,1113.22436496091,1.67419058906859,-0.342815655568741,39.4553905673213,Valencia,1.914872746802655,1.77111459519412,0.037070944993178645,3080.8823529411766,0.022058823529411766,0.6666666666666666,430373.7857291003,11373.785729100287,2.71450733391415
A13767659952549585443,201812,167000.0,3340.0,50,1,1,0,1,1,3,0,0,25001.0,0,0,1,0,0,1,0,0,0,0,0,0,1967.0,2.0,1.0,1990,5,21,3.0,0,0,1,0.957387808536526,876.193186605625,1.67419058906859,-0.373895689377677,39.4781054920546,Valencia,1.914872746802655,0.689455105251912,0.00842210334870981,3340.0,0.02,1.0,178324.43908617794,11324.43908617794,6.781101249208348
A11406212634563050836,201812,144000.0,900.0,160,0,1,0,0,0,3,0,0,1.0,1,0,0,1,0,0,0,0,0,0,0,0,1920.0,0.0,1.0,1920,3,3,6.0,0,1,0,1.49313948353264,450.848625920896,1.67419058906859,-0.369804046204965,39.4574278652314,Valencia,1.914872746802655,2.39667552778629,0.014562650721947956,900.0,0.0,0.5,155078.39087913762,11078.390879137616,7.693326999401122
A10077136780949181411,201812,75000.0,1666.66666666667,45,1,1,0,1,1,3,0,0,1.0,0,0,0,0,0,1,0,0,0,0,0,0,1967.0,1.0,1.0,1981,7,65,4.0,0,0,1,2.48583894080032,455.195697904672,1.67419058906859,-0.393964385649616,39.4876381648722,Valencia,1.914872746802655,2.57432018196663,0.02446846396566175,1666.6666666666667,0.022222222222222223,1.0,85061.85209358264,10061.852093582638,13.415802791443518
A11277839676711600941,201803,220000.0,1333.33333333333,165,4,2,1,1,0,1,0,0,1.0,0,1,0,0,0,1,0,0,0,0,0,0,1967.0,4.0,1.0,1967,7,29,5.0,0,0,1,1.4593013472852,531.969929906609,1.67419058906859,-0.3927464244016,39.4738724119927,Valencia,1.914872746802655,2.37440315966534,0.016363833934628282,1333.3333333333333,0.024242424242424242,0.5,229000.43295603243,9000.432956032426,4.0911058891056475
A1268635018928047779,201812,132000.0,571.428571428571,231,3,1,1,1,0,3,0,0,1.0,0,0,0,0,0,0,0,0,0,0,0,0,1955.0,0.0,1.0,1955,7,25,6.0,0,1,0,2.42012718447853,1187.9787960833198,1.67419058906859,-0.383918275642058,39.4907636896242,Valencia,1.914872746802655,1.99874364425689,0.021760863472686787,571.4285714285714,0.012987012987012988,0.3333333333333333,140687.91161570864,8687.91161570864,6.581751224021697
A11083558278180541902,201803,153000.0,3060.0,50,1,1,1,0,0,3,0,0,1.0,1,0,1,0,0,1,0,0,0,0,0,0,2016.0,0.0,1.0,2016,4,8,6.0,0,0,1,0.618467622189077,724.485760245601,1.67419058906859,-0.379104699430716,39.4749799277117,Valencia,1.914872746802655,1.22249654177689,0.005306538268498716,3060.0,0.02,1.0,161302.51958524756,8302.519585247559,5.426483389050692
A11288103668428994786,201812,330000.0,2391.30434782609,138,5,2,1,1,0,3,0,0,1.0,0,0,0,0,0,0,0,0,0,0,0,0,1967.0,7.0,1.0,1940,7,11,6.0,0,0,1,0.792913168133344,279.74933812070304,1.67419058906859,-0.385155284637679,39.4670623576321,Valencia,1.914872746802655,2.13478362475344,0.008924997535319145,2391.304347826087,0.036231884057971016,0.4,337200.2144287683,7200.214428768319,2.181883160232824
A6144523067937790447,201812,345000.0,2555.55555555556,135,3,2,0,1,1,3,1,1,1.0,0,0,0,0,1,1,0,0,0,0,0,0,2003.0,10.0,1.0,2003,14,111,3.0,0,0,1,3.39302209344302,325.61371097944095,1.67419058906859,-0.401908220382622,39.493176293377,Valencia,1.914872746802655,3.44890198121411,0.03403428841812682,2555.5555555555557,0.022222222222222223,0.6666666666666666,352089.42503697897,7089.425036978966,2.05490580781999
A8023468643686351645,201812,138000.0,2760.0,50,0,1,0,1,1,3,0,0,1.0,0,0,1,0,0,1,0,0,0,0,1,0,1900.0,1.0,1.0,1900,4,5,4.0,0,0,1,0.362295319858835,592.510425820985,1.67419058906859,-0.378210911931221,39.4727796376856,Valencia,1.914872746802655,1.27394914404306,0.0029402726177390447,2760.0,0.0,0.5,145060.8790062587,7060.879006258707,5.116578990042541
A2389244028957372991,201812,341000.0,3788.88888888889,90,3,2,0,1,0,3,0,0,1.0,0,0,0,0,0,0,0,0,0,0,0,0,2010.0,3.0,1.0,2010,7,8,3.0,0,0,1,1.4450117059783,160.092880585889,1.67419058906859,-0.363746795978768,39.4781189309967,Valencia,1.914872746802655,0.0515630500777451,0.015267468793170522,3788.8888888888887,0.03333333333333333,0.6666666666666666,347952.08462208667,6952.084622086666,2.0387344932805473
A3726040684074540082,201803,300000.0,2205.88235294118,136,4,2,0,1,1,3,0,0,1.0,0,0,1,0,0,1,1,1,0,0,0,0,1983.0,3.0,1.0,1983,6,27,5.0,0,0,1,1.02123797418597,405.880827952859,1.67419058906859,-0.384678889322777,39.4630246972402,Valencia,1.914872746802655,2.41877136759552,0.01065654102677465,2205.8823529411766,0.029411764705882353,0.5,306703.2284156891,6703.228415689082,2.2344094718963605
A424359811117864285,201812,408000.0,2040.0,200,5,2,0,1,0,3,0,0,1.0,0,0,0,0,0,0,0,0,0,0,0,0,1958.0,2.0,1.0,1958,6,13,4.0,0,1,0,1.2083240937941,355.344871147256,1.67419058906859,-0.365534710012216,39.4630877867963,Valencia,1.914872746802655,1.68207683387275,0.013322549874694316,2040.0,0.025,0.4,414195.528524354,6195.528524353984,1.5185118932240156
A9939463906624333888,201806,495000.0,2828.57142857143,175,4,2,0,1,0,3,1,1,1.0,0,1,0,0,0,1,1,0,0,0,0,0,1967.0,11.0,1.0,1978,11,22,3.0,0,0,1,1.89497949233677,301.622630998232,1.67419058906859,-0.361524187978068,39.4821764833297,Valencia,1.914872746802655,0.441877985619383,0.019410991367678286,2828.5714285714284,0.022857142857142857,0.5,500945.6667351481,5945.666735148116,1.2011447949794174
A2983057142854181228,201812,577000.0,3241.57303370787,178,4,2,1,1,1,3,1,1,1.0,0,0,0,0,0,1,0,0,0,0,0,0,1970.0,9.0,1.0,1970,11,111,2.0,0,0,1,1.84505900789365,231.575386037219,1.67419058906859,-0.363724425519366,39.4830191927209,Valencia,1.914872746802655,0.459311513806644,0.018311262927889434,3241.5730337078653,0.02247191011235955,0.5,582737.2004425997,5737.200442599715,0.9943155013171082
A1780932726384198282,201806,330000.0,2869.5652173913,115,3,2,0,0,0,3,0,0,1.0,0,0,0,0,1,0,0,0,0,0,0,0,1967.0,1.0,1.0,1950,6,13,4.0,0,1,0,0.714170266886438,272.658270654346,1.67419058906859,-0.36845453442131,39.4685682224832,Valencia,1.914872746802655,1.18660074165178,0.008503498902771217,2869.5652173913045,0.02608695652173913,0.6666666666666666,335715.47088544484,5715.47088544484,1.7319608743772241
A10310642101263309861,201809,157000.0,3140.0,50,1,1,0,1,1,3,0,0,1.0,0,0,0,0,0,0,0,0,0,0,0,0,1967.0,2.0,1.0,1955,10,6,5.0,0,0,1,0.921963601630437,855.387521867902,1.67419058906859,-0.373919497385622,39.4777817138495,Valencia,1.914872746802655,0.699251165067519,0.008110467323600993,3140.0,0.02,1.0,162697.8662316476,5697.866231647611,3.6292141602851027
A8023468643686351645,201812,149000.0,2980.0,50,0,1,0,1,1,3,0,0,1.0,0,0,1,0,0,1,0,0,0,0,1,0,1900.0,1.0,1.0,1900,4,5,4.0,0,0,1,0.361076840899203,562.160644135185,1.67419058906859,-0.379097509798351,39.472385232071,Valencia,1.914872746802655,1.36159920905116,0.0031707712748862953,2980.0,0.0,0.5,154661.8594830089,5661.859483008913,3.7999056932945723
A10132412279701683372,201806,804000.0,3688.07339449541,218,5,2,0,1,1,3,0,0,1.0,0,0,1,0,0,1,0,0,0,0,0,0,1967.0,8.0,1.0,1967,9,30,2.0,0,0,1,0.328818526231817,350.265905628315,1.67419058906859,-0.374147845485016,39.4720212493834,Valencia,1.914872746802655,1.06910797384299,0.0032172772475962293,3688.0733944954127,0.022935779816513763,0.4,809384.1407491869,5384.1407491868595,0.6696692474113008
A3813194444682786511,201803,226000.0,1674.07407407407,135,3,2,0,1,0,3,0,0,1.0,0,0,0,0,0,0,0,0,0,0,0,0,1954.0,6.0,1.0,1954,10,11,4.0,0,0,1,0.554041068060767,59.7874666158408,1.67419058906859,-0.381547862807058,39.4665577197109,Valencia,1.914872746802655,1.94682851103616,0.005984012611869067,1674.0740740740741,0.022222222222222223,0.6666666666666666,231355.727940992,5355.7279409919865,2.369791124332737
A16003171484474043709,201812,226000.0,1674.07407407407,135,3,1,1,1,1,3,0,0,25001.0,0,0,1,0,1,1,1,1,1,0,0,0,2000.0,3.0,1.0,2000,6,25,8.0,0,0,1,2.72035370411038,918.959607743886,1.67419058906859,-0.369245447141015,39.4935314249118,Valencia,1.914872746802655,1.609037245361,0.02452400165785088,1674.0740740740741,0.022222222222222223,0.3333333333333333,231346.7206942925,5346.720694292511,2.365805616943589
A14836712107199463748,201803,146000.0,2433.33333333333,60,2,1,0,0,1,3,0,0,1.0,1,1,0,0,1,0,0,0,0,0,0,0,1895.0,2.0,1.0,1895,3,7,5.0,0,0,1,1.1937359285938,874.687579366602,1.67419058906859,-0.380377566829255,39.4800895881828,Valencia,1.914872746802655,1.23676945708665,0.010516793182486304,2433.3333333333335,0.03333333333333333,0.5,151223.82295762489,5223.822957624885,3.5779609298800583
A1798808560759911960,201812,495000.0,4500.0,110,2,2,0,1,1,2,1,1,1.0,1,0,0,1,0,1,0,0,0,0,0,0,1982.0,5.0,1.0,1982,14,127,4.0,0,0,1,1.77540230957426,116.99800528143601,1.67419058906859,-0.356374838222667,39.4729515902894,Valencia,1.914872746802655,0.387236320047541,0.02060966964196522,4500.0,0.01818181818181818,1.0,499876.5400798361,4876.540079836093,0.9851596120880997
A5747320287550507552,201812,25000.0,543.478260869565,46,1,1,0,0,0,3,0,0,1.0,0,0,0,0,0,0,0,0,0,0,0,0,1967.0,3.0,1.0,1954,6,24,8.0,0,1,0,2.42991019183233,314.380243832393,1.67419058906859,-0.404840797432925,39.4684135102981,Valencia,1.914872746802655,3.5488476936768,0.028097648765142702,543.4782608695652,0.021739130434782608,1.0,29839.98974468718,4839.98974468718,19.359958978748722
A2807043136660639113,201812,424000.0,2494.11764705882,170,4,3,0,1,0,3,0,0,1.0,0,0,0,0,0,0,0,0,0,0,0,0,1967.0,3.0,1.0,1920,7,15,2.0,0,1,0,0.203603389563881,141.161452901362,1.67419058906859,-0.375690735991235,39.4680832227715,Valencia,1.914872746802655,1.49922945920674,0.002389814318360818,2494.1176470588234,0.023529411764705882,0.75,428756.20649472735,4756.206494727347,1.1217468147941854
