assetid,period,price,unitprice,constructedarea,roomnumber,bathnumber,hasterrace,haslift,hasairconditioning,amenityid,hasparkingspace,isparkingspaceincludedinprice,parkingspaceprice,hasnorthorientation,hassouthorientation,haseastorientation,haswestorientation,hasboxroom,haswardrobe,hasswimmingpool,hasdoorman,hasgarden,isduplex,isstudio,isintopfloor,constructionyear,floorclean,flatlocationid,cadconstructionyear,cadmaxbuildingfloor,caddwellingcount,cadastralqualityid,builttypeid_1,builttypeid_2,builttypeid_3,distance_to_city_center,distance_to_metro,distance_to_diagonal,longitude,latitude,city,distance_to_castellana,distance_to_blasco,distance_to_center,price_m2,rooms_per_m2,bathrooms_per_room,predicted_price_oof,undervaluation_abs,undervaluation_pct
A12893892171975362479,201803,306000.0,1224.0,250,2,2,1,0,0,3,0,0,1.0,0,1,0,1,0,0,0,0,0,0,0,0,1960.0,0.0,1.0,1960,4,5,5.0,0,1,0,3.19719047939184,0.14479806328499,1.79825979998956,2.13612914927572,41.3736423265195,Barcelona,1.9740126044279651,2.00821263645411,0.035265134713403104,1224.0,0.008,1.0,415934.5719768701,109934.57197687012,0.2643073679938861
A7396023147405254804,201806,295000.0,1282.60869565217,230,4,2,0,0,0,2,0,0,1.0,0,0,0,0,1,0,0,0,0,0,0,0,1967.0,0.0,1.0,1960,6,13,5.0,0,0,1,4.08918785408559,0.319850122548289,1.99710247266534,2.195374597725,41.4184032254776,Barcelona,1.9740126044279651,2.00821263645411,0.040964363455939616,1282.608695652174,0.017391304347826087,0.5,375184.8677712972,80184.86777129723,0.2137209537463963
A17871651723444848913,201803,296000.0,1286.95652173913,230,4,2,1,0,0,2,0,0,1.0,0,0,0,0,0,0,0,0,0,0,0,0,1967.0,0.0,1.0,1960,6,13,5.0,0,0,1,4.03886137084888,0.263768808968355,1.94575373870339,2.19535685483964,41.4178818573617,Barcelona,1.9740126044279651,2.00821263645411,0.04055949838359157,1286.9565217391305,0.017391304347826087,0.5,375271.0939383402,79271.0939383402,0.21123687707043332
A12207995170717480869,201812,397000.0,1402.82685512368,283,0,6,1,1,1,3,1,1,1.0,0,0,0,0,1,1,0,0,0,1,1,0,1964.0,0.0,1.0,1930,6,11,4.0,0,0,1,1.53208510548852,0.202326904090797,0.142475386585969,2.15859504930424,41.3977261714206,Barcelona,1.9740126044279651,2.00821263645411,0.014378068529264872,1402.826855123675,0.0,0.5,476104.35129675636,79104.35129675636,0.16614918784359214
A17871651723444848913,201803,286000.0,1243.47826086957,230,4,2,1,0,0,2,0,0,1.0,0,0,0,0,0,0,0,0,0,0,0,0,1967.0,0.0,1.0,1960,6,13,5.0,0,0,1,4.11589994125252,0.329433654368993,2.02318511468429,2.19570783012514,41.4185321836022,Barcelona,1.9740126044279651,2.00821263645411,0.04128010792057986,1243.4782608695652,0.017391304347826087,0.5,357215.4022751643,71215.40227516432,0.19936263056290848
A10880198971589417244,201806,301000.0,1325.99118942731,227,3,1,0,0,0,1,0,0,1.0,0,0,0,0,0,0,0,0,0,0,0,0,1919.0,0.0,1.0,1919,5,21,6.0,0,0,1,0.860570730267388,0.304999101726276,2.11418245749915,2.1704100996592,41.379242431758,Barcelona,1.9740126044279651,2.00821263645411,0.008355978721795032,1325.9911894273127,0.013215859030837005,0.3333333333333333,368100.4955504043,67100.4955504043,0.1822885227309241
A3336432646182997604,201812,220000.0,1294.11764705882,170,1,2,0,1,0,3,0,0,1.0,1,1,0,0,0,0,0,1,0,0,0,0,1930.0,0.0,1.0,1930,10,22,7.0,0,1,0,2.53521466043844,0.167513458463841,0.472036874560038,2.1847912215092,41.4068719767551,Barcelona,1.9740126044279651,2.00821263645411,0.02532416894413526,1294.1176470588234,0.0058823529411764705,2.0,279267.9712590195,59267.97125901951,0.21222616754732965
A3308760792900790374,201803,421000.0,1408.02675585284,299,3,2,0,0,0,3,0,0,1.0,0,0,0,0,0,0,0,0,0,0,0,0,1967.0,2.0,1.0,1962,6,14,3.0,0,0,1,2.45495532139681,0.440815415454248,0.571642256532063,2.14065205420865,41.3864222465494,Barcelona,1.9740126044279651,2.00821263645411,0.027965043818424674,1408.0267558528428,0.010033444816053512,0.6666666666666666,472856.08210231614,51856.08210231614,0.10966567643957167
A2651430193739286248,201809,231000.0,1262.29508196721,183,6,3,1,0,0,3,0,0,1.0,0,1,0,0,1,1,0,0,0,0,0,0,1960.0,0.0,1.0,1960,2,3,5.0,0,1,0,3.76852859015092,0.505931632743947,2.46746303602019,2.15796107307963,41.4195870052844,Barcelona,1.9740126044279651,2.00821263645411,0.0338997061225449,1262.295081967213,0.03278688524590164,0.5,281890.23505280004,50890.23505280004,0.1805320962723946
A3999384454540049166,201812,292000.0,1327.27272727273,220,2,1,1,1,0,3,0,0,1.0,0,1,0,0,0,0,0,1,0,0,0,0,1967.0,1.0,1.0,1980,18,141,4.0,0,0,1,3.6733877468316,0.462386552989052,2.85246150441102,2.13826121717681,41.3641566883264,Barcelona,1.9740126044279651,2.00821263645411,0.038219017265605296,1327.2727272727273,0.00909090909090909,0.5,338252.3652454264,46252.36524542642,0.13673922194710156
A4680339387934907733,201812,235000.0,1256.68449197861,187,0,0,1,0,0,3,0,0,1.0,0,0,0,1,0,0,0,0,0,0,0,0,1967.0,2.0,1.0,1960,2,3,5.0,0,1,0,3.76399013621118,0.516153749115421,2.46138959997545,2.15823732320171,41.4196015959779,Barcelona,1.9740126044279651,2.00821263645411,0.03382791530599945,1256.6844919786097,0.0,0.5,277589.6667709798,42589.66677097982,0.1534267008797472
A18073784549428190472,201803,160000.0,1269.84126984127,126,3,3,0,0,0,1,0,0,1.0,0,0,0,0,0,0,0,0,0,0,0,0,1936.0,1.0,1.0,1936,3,8,5.0,0,1,0,5.78018328253825,0.482223787164202,3.99169195978367,2.17949449730332,41.4384055559989,Barcelona,1.9740126044279651,2.00821263645411,0.05215608127772645,1269.8412698412699,0.023809523809523808,1.0,202190.36097580573,42190.36097580573,0.2086665297603097
A1703767769740838542,201803,355000.0,1408.73015873016,252,3,2,0,0,0,3,0,0,1.0,0,0,0,0,0,0,0,0,0,0,0,0,1967.0,0.0,1.0,1990,3,4,5.0,0,0,1,4.19726404350672,0.203576058737031,2.56671045236271,2.17403657301193,41.424553137642,Barcelona,1.9740126044279651,2.00821263645411,0.03754879442484817,1408.7301587301588,0.011904761904761904,0.6666666666666666,396267.5225388436,41267.52253884362,0.1041405620991774
A14100767235989155916,201812,254000.0,1270.0,200,4,2,1,1,0,3,0,0,1.0,0,0,1,0,0,0,0,0,1,0,0,0,1960.0,0.0,1.0,1960,6,24,6.0,0,0,1,5.01531474640132,0.133204590302628,3.5133564553425,2.16807361420802,41.4319972678874,Barcelona,1.9740126044279651,2.00821263645411,0.04460037426997966,1270.0,0.02,0.5,294611.39381656476,40611.393816564756,0.13784732929185628
A17451828438819751417,201803,159000.0,1213.74045801527,131,3,2,0,0,0,3,0,0,1.0,0,0,0,0,1,1,0,0,0,0,0,0,1987.0,2.0,1.0,1987,5,33,4.0,0,0,1,6.59254564927069,0.358150700524621,4.75642442271332,2.18276952929904,41.4454150224491,Barcelona,1.9740126044279651,2.00821263645411,0.059720334814246316,1213.7404580152672,0.022900763358778626,0.6666666666666666,196396.15968420624,37396.15968420624,0.19041186825820383
A17439839464425536839,201812,301000.0,1368.18181818182,220,2,1,1,1,0,3,0,0,1.0,0,1,0,0,0,0,0,1,0,0,0,0,1967.0,2.0,1.0,1980,18,141,4.0,0,0,1,3.68060116084628,0.434704454562528,2.79519731066136,2.13766958080491,41.364534293575,Barcelona,1.9740126044279651,2.00821263645411,0.03846467680740786,1368.1818181818182,0.00909090909090909,0.5,338252.3652454264,37252.36524542642,0.11013186919889578
A10384548163454945466,201803,246000.0,1261.53846153846,195,6,3,0,0,0,3,0,0,1.0,0,0,0,0,0,0,0,0,0,0,0,0,1967.0,1.0,1.0,1969,4,4,5.0,0,0,1,5.42562192418741,0.29859860783817,3.40602040108529,2.19351595914939,41.4324149454572,Barcelona,1.9740126044279651,2.00821263645411,0.05145046486523212,1261.5384615384614,0.03076923076923077,0.5,282907.8180022067,36907.81800220668,0.13045881256600267
A10337810764250186916,201803,167000.0,1284.61538461538,130,3,2,1,0,1,3,1,1,1.0,0,0,0,0,1,0,0,0,0,0,0,0,1980.0,2.0,1.0,1980,2,4,4.0,0,0,1,7.510583136044,0.400459219816086,5.57892148336001,2.19160148135853,41.4524701485876,Barcelona,1.9740126044279651,2.00821263645411,0.06901588499685636,1284.6153846153845,0.023076923076923078,0.6666666666666666,202190.36097580573,35190.36097580573,0.17404569043732326
A414764213795006330,201809,111000.0,5285.71428571429,21,2,1,0,0,0,3,0,0,1.0,1,0,1,0,0,0,0,0,0,0,0,0,1973.0,4.0,1.0,1973,10,93,3.0,0,0,1,1.70097565745064,0.220781194947132,0.602494199545498,2.18506700238219,41.397280344952,Barcelona,1.9740126044279651,2.00821263645411,0.019203733590778697,5285.714285714285,0.09523809523809523,0.5,141188.3200605075,30188.32006050751,0.21381598738174687
A2071643788315683590,201803,128000.0,1230.76923076923,104,4,2,0,0,0,2,0,0,1.0,0,1,0,0,1,1,0,0,0,0,0,0,1965.0,2.0,1.0,1965,3,7,6.0,0,0,1,6.8174190217677,0.276737548906154,5.15686465071185,2.17217380500139,41.44818894982,Barcelona,1.9740126044279651,2.00821263645411,0.06089391186651216,1230.7692307692307,0.038461538461538464,0.5,157500.7686244359,29500.768624435907,0.18730555337657523
A2071643788315683590,201803,127000.0,1221.15384615385,104,4,2,0,0,0,2,0,0,1.0,0,1,0,0,1,1,0,0,0,0,0,0,1965.0,2.0,1.0,1965,3,7,6.0,0,0,1,6.80318794985227,0.26422907887592,5.1415686189581,2.17224726418861,41.4480595962545,Barcelona,1.9740126044279651,2.00821263645411,0.0607691463970066,1221.1538461538462,0.038461538461538464,0.5,156262.58978724934,29262.589787249337,0.18726548578959426
A12013017547186897970,201806,97000.0,4619.04761904762,21,1,1,1,1,0,3,0,0,1.0,0,0,0,0,0,0,0,0,0,0,0,0,1968.0,0.0,2.0,1968,6,21,3.0,0,1,0,2.74112598954968,0.267741683476634,1.17959142544669,2.1470971209043,41.404580609584,Barcelona,1.9740126044279651,2.00821263645411,0.027523574533156476,4619.047619047619,0.047619047619047616,1.0,126209.32343256446,29209.32343256446,0.2314355440481498
A2071643788315683590,201803,128000.0,1230.76923076923,104,4,2,0,0,0,2,0,0,1.0,0,1,0,0,1,1,0,0,0,0,0,0,1965.0,2.0,1.0,1965,3,7,6.0,0,0,1,6.76545300492142,0.193931637618949,5.09191758309546,2.17294884300593,41.4477038574142,Barcelona,1.9740126044279651,2.00821263645411,0.060460463565226684,1230.7692307692307,0.038461538461538464,0.5,156646.21781934338,28646.21781934338,0.1828720681426246
A12703431011912387245,201806,99000.0,4714.28571428571,21,1,1,1,1,0,3,0,0,1.0,0,0,0,0,0,0,0,0,0,0,0,0,1968.0,0.0,2.0,1968,2,4,3.0,0,1,0,2.74508943620092,0.244705500159901,1.19498305613859,2.14726622016697,41.40475308557,Barcelona,1.9740126044279651,2.00821263645411,0.027500177104229112,4714.285714285715,0.047619047619047616,1.0,127353.50332339999,28353.503323399986,0.2226362258084054
A1971195361009787551,201803,129000.0,1264.70588235294,102,3,1,0,0,0,3,0,0,1.0,0,0,0,0,0,0,0,0,0,0,0,0,1967.0,2.0,1.0,1971,6,5,5.0,0,0,1,7.50551678619637,0.32896826305277,5.56204140205019,2.19270578258738,41.4522131021145,Barcelona,1.9740126044279651,2.00821263645411,0.0691507553093566,1264.7058823529412,0.029411764705882353,0.3333333333333333,156646.21781934338,27646.21781934338,0.17648825617498887
A17655991888206726478,201809,202000.0,1311.68831168831,154,2,1,0,0,1,3,0,0,1.0,0,0,0,0,0,0,0,0,0,0,0,0,2010.0,0.0,1.0,2010,8,5,6.0,0,0,1,4.84543340071775,0.30787723302937,2.88141596352794,2.1878006854912,41.428406104925,Barcelona,1.9740126044279651,2.00821263645411,0.04527876946707307,1311.6883116883116,0.012987012987012988,0.5,229589.44240416077,27589.44240416077,0.12016860233317408
A16282432890408000708,201812,209000.0,1685.48387096774,124,3,1,0,0,0,3,0,0,1.0,0,0,0,0,0,0,0,0,0,0,0,0,1967.0,2.0,1.0,2007,4,5,4.0,0,0,1,4.7457015139056,0.151055835181704,2.88212563975743,2.18247830187445,41.428565607497,Barcelona,1.9740126044279651,2.00821263645411,0.043442082172881626,1685.483870967742,0.024193548387096774,0.3333333333333333,236310.1332154351,27310.13321543511,0.11556903144114215
A210566928339257909,201809,42000.0,1909.09090909091,22,0,1,0,1,1,3,0,0,1.0,0,0,0,0,0,0,0,0,0,0,1,0,1967.0,0.0,1.0,1960,4,5,5.0,0,0,1,4.2577014419475,0.151662528547946,2.95378781743434,2.15677214931018,41.4238988738315,Barcelona,1.9740126044279651,2.00821263645411,0.03836751025162137,1909.090909090909,0.0,0.5,68544.16903271225,26544.16903271225,0.3872564130151497
A13342140722184278546,201803,129000.0,1264.70588235294,102,3,1,0,0,0,3,0,0,1.0,0,0,0,0,0,0,0,0,0,0,0,0,1972.0,2.0,1.0,1972,6,5,5.0,0,0,1,7.48959705645707,0.308862456003938,5.54475167388275,2.19280018046673,41.4520467762193,Barcelona,1.9740126044279651,2.00821263645411,0.06902792485777291,1264.7058823529412,0.029411764705882353,0.3333333333333333,155296.92264207467,26296.92264207467,0.16933318571085473
A11897213372856638367,201806,95000.0,4523.80952380952,21,1,1,1,1,0,3,0,0,1.0,0,0,0,0,0,0,0,0,0,0,0,0,1968.0,0.0,2.0,1968,4,6,3.0,0,1,0,2.69873598923956,0.25847617052665,1.08647399006302,2.14661888501914,41.4036747456328,Barcelona,1.9740126044279651,2.00821263645411,0.02735026071565155,4523.809523809524,0.047619047619047616,1.0,121197.38504972881,26197.385049728808,0.2161547053096871
A7285528913397916157,201812,174000.0,1242.85714285714,140,5,2,0,0,0,3,0,0,1.0,0,0,0,0,1,0,0,0,0,0,0,0,1967.0,0.0,2.0,1900,5,17,5.0,0,1,0,1.38266662627384,0.104703635122896,2.22119230915799,2.16197469436447,41.3761199866866,Barcelona,1.9740126044279651,2.00821263645411,0.01308179556157078,1242.857142857143,0.03571428571428571,0.4,200048.8704187361,26048.8704187361,0.1302125343882793
A14038784701839362727,201803,99000.0,4500.0,22,0,1,0,1,0,3,0,0,1.0,0,1,0,0,0,0,0,0,0,0,1,0,1979.0,2.0,1.0,1979,12,40,4.0,0,0,1,2.80913838986183,0.430083334783543,2.22948939844315,2.14358797293811,41.371381630535,Barcelona,1.9740126044279651,2.00821263645411,0.029701677697766604,4500.0,0.0,0.5,124689.1336149375,25689.1336149375,0.20602543998958378
A18073784549428190472,201803,163000.0,1293.65079365079,126,3,3,0,0,0,1,0,0,1.0,0,0,0,0,0,0,0,0,0,0,0,0,1936.0,1.0,1.0,1936,3,8,5.0,0,1,0,5.73391522018983,0.521669838015763,3.93315208746157,2.18012559907959,41.4379179116299,Barcelona,1.9740126044279651,2.00821263645411,0.05181600939468569,1293.6507936507937,0.023809523809523808,1.0,188623.21586937323,25623.215869373234,0.13584338360087136
A17433236266325764550,201809,175000.0,1434.4262295082,122,3,1,0,1,0,3,0,0,1.0,0,1,0,1,0,0,0,0,0,0,0,0,1900.0,0.0,1.0,1900,6,9,5.0,0,1,0,1.75357073424931,0.300681778001278,2.59059197057775,2.16172383506813,41.3725030491542,Barcelona,1.9740126044279651,2.00821263645411,0.016407339475750793,1434.4262295081967,0.02459016393442623,0.3333333333333333,200244.3195996368,25244.3195996368,0.1260675940776229
A11236436920460025659,201809,206000.0,1287.5,160,0,3,1,0,0,3,1,1,1.0,0,0,0,0,1,0,0,0,0,0,1,0,1970.0,0.0,1.0,1970,3,11,4.0,0,0,1,4.16362123007374,0.484296948500018,2.82412982630521,2.16146620476014,41.423813856729,Barcelona,1.9740126044279651,2.00821263645411,0.03710606414596242,1287.5,0.0,0.5,231219.9752821906,25219.9752821906,0.10907351430779749
A3476585025882668106,201812,174000.0,1288.88888888889,135,3,1,0,1,1,3,0,0,1.0,0,1,0,0,0,0,0,0,0,0,0,0,1967.0,0.0,1.0,1998,5,117,4.0,0,0,1,3.06031650542386,0.470036306478194,1.18291555886138,2.19763273881085,41.4050576084181,Barcelona,1.9740126044279651,2.00821263645411,0.03398074539950391,1288.888888888889,0.022222222222222223,0.3333333333333333,199074.648494025,25074.648494024994,0.1259560103896282
A9129866919979639700,201803,127000.0,6047.61904761905,21,0,1,1,1,1,3,0,0,1.0,0,1,0,0,0,1,0,0,0,0,1,0,1967.0,8.0,1.0,1932,4,12,3.0,0,0,1,0.977377404281965,0.146270546833984,2.00880329724977,2.18029934978146,41.3827487735214,Barcelona,1.9740126044279651,2.00821263645411,0.01259002355296362,6047.619047619048,0.0,0.5,151815.90962829778,24815.909628297784,0.16346053380740153
A4730137151672358592,201806,99000.0,4714.28571428571,21,1,1,1,1,0,3,0,0,1.0,0,1,0,1,0,0,0,0,0,0,0,0,1968.0,0.0,2.0,1968,4,6,4.0,0,1,0,2.70289215199936,0.294568397166929,1.1188852679623,2.14699282306035,41.4040180958412,Barcelona,1.9740126044279651,2.00821263645411,0.02725859872936873,4714.285714285715,0.047619047619047616,1.0,123372.00529374086,24372.00529374086,0.197548911000617
A16875793395452535698,201812,209000.0,1658.73015873016,126,2,2,1,0,0,3,0,0,1.0,0,0,0,0,0,0,0,0,0,0,0,0,1967.0,3.0,1.0,1958,1,3,4.0,0,0,1,4.32211735728514,0.15915182908761,2.97723112252442,2.14667538713367,41.4216152776119,Barcelona,1.9740126044279651,2.00821263645411,0.04063709969224898,1658.7301587301588,0.015873015873015872,1.0,232909.57121276378,23909.57121276378,0.10265602692180605
A488783455216425419,201812,205000.0,1281.25,160,0,2,0,0,0,3,0,0,1.0,0,0,0,0,0,0,0,0,0,0,1,0,1967.0,0.0,1.0,1877,4,9,5.0,0,0,1,1.71862914876626,0.340023153334738,2.64684739012604,2.16326849403702,41.3723885509652,Barcelona,1.9740126044279651,2.00821263645411,0.015930114813074596,1281.25,0.0,0.5,228901.70345963287,23901.703459632874,0.10441907202253727
A2414843719187974406,201806,95000.0,4523.80952380952,21,1,1,1,1,0,3,0,0,1.0,0,0,0,0,0,0,0,0,0,0,0,0,1968.0,0.0,2.0,1968,4,96,3.0,0,1,0,2.60616660238226,0.229990222302381,1.04214616325857,2.14788104592021,41.4034560763106,Barcelona,1.9740126044279651,2.00821263645411,0.02621207059070678,4523.809523809524,0.047619047619047616,1.0,118766.72762224151,23766.72762224151,0.2001126754778979
A5656445498561272885,201809,125000.0,1250.0,100,1,1,0,0,0,3,0,0,1.0,1,0,0,0,0,0,0,0,0,0,0,0,1967.0,-1.0,2.0,1966,7,16,5.0,0,1,0,3.54165172540608,0.338682321315837,2.0113854482077,2.1719004617266,41.4187524803505,Barcelona,1.9740126044279651,2.00821263645411,0.03152572079647308,1250.0,0.01,1.0,147424.96256431943,22424.96256431943,0.15211102770018162
A12007862480304022109,201803,37000.0,1275.86206896552,29,1,1,0,0,0,3,0,0,1.0,0,0,0,0,0,0,0,0,0,0,0,0,1967.0,0.0,1.0,1965,2,4,6.0,0,0,1,6.81094389618534,0.15511821806186,5.11815516316221,2.17400779976897,41.448079245666,Barcelona,1.9740126044279651,2.00821263645411,0.060919743539646146,1275.8620689655172,0.034482758620689655,1.0,58701.46835538354,21701.468355383542,0.3696920871553171
A2194956383230977530,201812,171000.0,1295.45454545455,132,3,2,0,1,0,3,0,0,1.0,0,1,0,0,0,0,0,0,0,0,0,0,1967.0,0.0,1.0,2001,5,12,6.0,0,0,1,3.22161619509071,0.163345267974717,2.29454325169887,2.13910351801964,41.3696828742538,Barcelona,1.9740126044279651,2.00821263645411,0.03440841458022211,1295.4545454545455,0.022727272727272728,0.6666666666666666,192013.0949724567,21013.09497245669,0.10943573913784845
A14885944635576466302,201809,131000.0,6238.09523809524,21,0,1,0,1,0,3,0,0,1.0,0,0,0,0,0,0,0,0,0,0,1,0,1967.0,0.0,1.0,1948,6,7,6.0,0,0,1,1.86184683979478,0.46335358036498,2.60613557823226,2.18997261977797,41.3794847704067,Barcelona,1.9740126044279651,2.00821263645411,0.022791220583556707,6238.0952380952385,0.0,0.5,151302.4126929414,20302.412692941405,0.1341843287994611
A15103146415475096009,201812,50000.0,2173.91304347826,23,0,1,0,0,0,3,0,0,1.0,1,0,0,0,0,1,0,0,0,0,1,0,1900.0,1.0,1.0,1900,6,27,4.0,0,0,1,3.1992958415543,0.288425626784007,1.78404937663105,2.14840569935411,41.4106889909354,Barcelona,1.9740126044279651,2.00821263645411,0.030825101416956793,2173.913043478261,0.0,0.5,68809.45072961766,18809.45072961766,0.2733556296434947
A15699317207601288024,201809,129000.0,6142.85714285714,21,0,1,0,1,0,3,0,0,1.0,0,0,0,0,0,0,0,0,0,0,1,0,1967.0,0.0,1.0,1936,7,8,7.0,0,0,1,1.75775247311421,0.366185946518326,2.53994421431181,2.18881782642723,41.3798430912666,Barcelona,1.9740126044279651,2.00821263645411,0.021583961060160303,6142.857142857143,0.0,0.5,147599.9572094436,18599.957209443586,0.1260160067868471
A12469921795082996644,201806,128000.0,5565.21739130435,23,1,1,0,1,0,1,0,0,1.0,0,0,0,0,0,0,0,0,0,0,0,0,1948.0,0.0,1.0,1948,5,12,5.0,0,0,1,1.84089249534798,0.442904346553871,2.59092424622763,2.18975276353499,41.3795757399686,Barcelona,1.9740126044279651,2.00821263645411,0.022553457610888204,5565.217391304348,0.043478260869565216,1.0,146433.8343840366,18433.8343840366,0.12588507609308464
A11216582547940184279,201812,108000.0,4695.65217391304,23,0,1,0,1,1,3,0,0,1.0,0,0,0,0,0,0,0,1,0,0,1,0,1967.0,1.0,2.0,1975,10,81,3.0,0,0,1,1.08250782004733,0.175679337450541,0.283820330962911,2.17050473950236,41.3966860000306,Barcelona,1.9740126044279651,2.00821263645411,0.009479336956777865,4695.652173913043,0.0,0.5,125523.86724728106,17523.867247281058,0.13960585848394214
A4322154626150708308,201803,139000.0,1287.03703703704,108,3,1,1,0,0,3,0,0,1.0,0,0,0,1,0,0,0,0,0,0,0,0,1967.0,1.0,1.0,1973,5,7,5.0,0,0,1,6.93771031565234,0.250310759729767,5.23568367066222,2.17446818152722,41.4492018613959,Barcelona,1.9740126044279651,2.00821263645411,0.06207983268690708,1287.037037037037,0.027777777777777776,0.3333333333333333,156517.0320157736,17517.032015773613,0.11191773694001728
A9695112475021303542,201812,232000.0,805.555555555556,288,0,1,0,0,0,3,0,0,1.0,0,0,0,0,0,0,0,0,0,0,1,0,2018.0,0.0,1.0,2018,4,5,8.0,0,1,0,5.99336232076738,0.19387557309706,1.65027312841143,-3.69367180709943,40.4698757611616,Madrid,0.469001863342017,2.00821263645411,0.05403347771811915,805.5555555555555,0.0,0.5,351303.68079529784,119303.68079529784,0.3396027064823589
A14766122044157499422,201812,259000.0,925.0,280,3,2,1,1,1,3,0,0,1.0,0,0,0,0,1,1,0,0,0,0,0,0,2000.0,3.0,1.0,2000,4,9,4.0,0,0,1,4.33648947225375,0.876378764795416,1.65027312841143,-3.66849344691423,40.3883932696377,Madrid,2.26905233548425,2.00821263645411,0.045315505300886585,925.0,0.010714285714285714,0.6666666666666666,350366.5189866464,91366.51898664638,0.2607741152062782
A11316274896060447720,201803,215000.0,839.84375,256,4,2,1,1,1,3,1,1,1.0,1,1,0,1,1,1,0,1,0,0,0,0,1996.0,6.0,1.0,1996,4,9,8.0,0,0,1,4.36397486287083,1.34227087926667,1.65027312841143,-3.67265776060635,40.3853690908407,Madrid,1.9964869566873,2.00821263645411,0.04424636849541301,839.84375,0.015625,0.5,302402.7767758559,87402.77677585592,0.28902769249582577
A8355665723209490838,201812,183000.0,851.162790697674,215,0,1,0,0,0,3,1,1,1.0,0,0,0,0,0,0,0,0,0,0,1,0,1965.0,0.0,1.0,1965,6,11,6.0,0,1,0,5.18562051311584,0.274310085045351,1.65027312841143,-3.64814268932733,40.4359688880769,Madrid,3.43467147360794,2.00821263645411,0.05886580077955943,851.1627906976744,0.0,0.5,266389.97514253366,83389.97514253366,0.31303721207194574
A13402910151023914992,201803,189000.0,913.04347826087,207,5,1,0,1,0,3,0,0,1.0,1,0,0,0,0,0,0,1,0,0,0,0,1967.0,2.0,1.0,1900,2,15,2.0,0,0,1,0.626716997960653,0.152868810237551,1.65027312841143,-3.70636471831834,40.4113124268047,Madrid,1.11331074528403,2.00821263645411,0.0060573294137135246,913.0434782608696,0.024154589371980676,0.2,264509.4772179929,75509.47721799288,0.28546983651463836
A1600456213501509090,201812,485000.0,1701.75438596491,285,2,2,1,1,1,3,1,1,1.0,0,0,1,1,1,1,1,1,1,0,0,0,2011.0,0.0,1.0,2011,4,152,2.0,0,0,1,8.97149274663712,5.86728712398032,1.65027312841143,-3.79216025339333,40.4609905285367,Madrid,8.65318173410015,2.00821263645411,0.09879441883065025,1701.7543859649122,0.007017543859649123,1.0,557834.9260403874,72834.92604038736,0.13056716716786232
A15241722867368369163,201812,205000.0,850.622406639004,241,4,3,1,1,0,3,0,0,1.0,0,0,0,0,0,0,1,0,0,1,0,0,1967.0,0.0,1.0,2018,7,94,3.0,1,0,0,12.3964707285385,2.50138203858616,1.65027312841143,-3.55892131869337,40.4013262950271,Madrid,11.2967742803613,2.00821263645411,0.1457026693054612,850.6224066390041,0.016597510373443983,0.75,277088.56302178284,72088.56302178284,0.26016433964513985
A8743302654569086905,201812,570000.0,2280.0,250,3,2,1,0,0,3,1,1,1.0,0,1,0,1,0,1,0,0,1,1,0,0,2006.0,1.0,1.0,2006,4,28,5.0,0,0,1,12.6181471333163,9.32983426343882,1.65027312841143,-3.83244261795658,40.4737073116237,Madrid,12.1774332474471,2.00821263645411,0.14066757007554745,2280.0,0.012,0.6666666666666666,641153.9778712016,71153.97787120158,0.1109779870780048
A15872181877101234993,201812,433000.0,1603.7037037037,270,3,3,1,1,1,2,0,0,1.0,0,0,0,0,1,1,0,0,0,0,0,0,1967.0,3.0,1.0,1999,4,53,2.0,0,0,1,9.14719080757747,5.26598787739953,1.65027312841143,-3.78299892414876,40.4724312424009,Madrid,7.9961841668149,2.00821263645411,0.09678483722871367,1603.7037037037037,0.011111111111111112,1.0,503948.5350040107,70948.53500401072,0.14078527880519798
A930963652320183588,201812,488000.0,1749.10394265233,279,2,2,1,1,0,3,1,1,1.0,0,0,0,0,1,0,0,0,0,0,0,0,1967.0,2.0,1.0,1999,2,1,6.0,1,0,0,9.63859456822231,1.21135425189039,1.65027312841143,-3.6314199215073,40.4834037171433,Madrid,4.49134911368863,2.00821263645411,0.09836122660842257,1749.1039426523298,0.007168458781362007,1.0,558705.2926040043,70705.29260400427,0.12655203653873087
A11187210935964825468,201803,439000.0,1625.92592592593,270,1,2,0,0,0,3,0,0,1.0,1,0,0,0,0,0,0,0,0,0,0,0,1900.0,0.0,1.0,1900,4,8,4.0,0,1,0,0.564070665111451,0.148457487306888,1.65027312841143,-3.70326735215624,40.4115385164609,Madrid,0.853332294587267,2.00821263645411,0.0052883761929059915,1625.9259259259259,0.003703703703703704,2.0,503358.8065655542,64358.80656555417,0.1278587077966868
A7187742238237408902,201806,239000.0,940.944881889764,254,0,0,0,0,0,1,0,0,1.0,0,0,0,0,0,0,0,0,0,0,0,0,1967.0,2.0,2.0,1962,5,17,7.0,0,1,0,4.45871266635685,0.295335860162478,1.65027312841143,-3.74336449026446,40.3902064811607,Madrid,4.09721802447643,2.00821263645411,0.047671418419663755,940.9448818897638,0.0,0.5,302204.550281387,63204.550281387,0.20914493253836294
A5066068817922699063,201803,279000.0,1033.33333333333,270,5,2,0,0,0,3,0,0,1.0,0,0,0,0,0,1,0,0,0,0,0,0,1967.0,1.0,1.0,1967,5,5,6.0,0,0,1,4.01639324178062,0.0918669831800257,1.65027312841143,-3.66463570225648,40.3962714353711,Madrid,2.52075435417722,2.00821263645411,0.044218369299038884,1033.3333333333333,0.018518518518518517,0.4,342192.13400051254,63192.13400051254,0.1846685756967689
A5748185349664742659,201803,297000.0,1024.13793103448,290,1,2,0,0,1,3,0,0,1.0,0,0,0,0,0,0,0,0,0,0,0,0,1967.0,0.0,1.0,1976,5,47,5.0,0,1,0,3.2758872275866,0.506145853516045,1.65027312841143,-3.71760847030766,40.3891079183619,Madrid,1.92329754216142,2.00821263645411,0.03094390469363498,1024.1379310344828,0.0034482758620689655,2.0,358586.59583987034,61586.59583987034,0.17174818176241122
A2651828948781429710,201809,203000.0,1015.0,200,3,2,1,1,1,3,0,0,1.0,0,1,0,0,0,1,0,0,0,0,0,0,1967.0,1.0,1.0,1983,10,91,5.0,0,0,1,7.19362068136017,0.772926898938939,1.65027312841143,-3.70164741557372,40.3519892181621,Madrid,4.36944006836966,2.00821263645411,0.06484651927553237,1015.0,0.015,0.6666666666666666,263631.66331425426,60631.663314254256,0.22998627157307766
A16984967160144678743,201803,414000.0,1533.33333333333,270,6,3,1,1,1,3,0,0,1.0,0,0,0,0,0,1,0,0,0,0,0,1,1967.0,4.0,1.0,1975,4,18,6.0,0,1,0,5.14711714432147,0.385254457345458,1.65027312841143,-3.64557203402162,40.4297670377883,Madrid,3.66229662524677,2.00821263645411,0.05965433840872459,1533.3333333333333,0.022222222222222223,0.5,472501.89368800644,58501.89368800644,0.1238130353962884
A1464983824152597616,201803,413000.0,1529.62962962963,270,0,1,0,1,1,3,0,0,1.0,0,0,1,0,0,1,0,0,0,0,1,0,1967.0,1.0,1.0,1976,7,31,6.0,0,0,1,3.48382751518853,0.303710488514447,1.65027312841143,-3.670343945018,40.4347882283303,Madrid,1.54914025871142,2.00821263645411,0.037985312601339305,1529.6296296296296,0.0,0.5,469068.5121689387,56068.5121689387,0.11953160511602448
A16984967160144678743,201803,462000.0,1711.11111111111,270,6,3,1,1,1,3,0,0,1.0,0,0,0,0,0,1,0,0,0,0,0,1,1967.0,4.0,1.0,1975,4,18,6.0,0,1,0,5.06885237424424,0.459392865695822,1.65027312841143,-3.64634542568938,40.4292762283465,Madrid,3.60287791989151,2.00821263645411,0.058793574334008704,1711.111111111111,0.022222222222222223,0.5,517676.1170777028,55676.11707770277,0.10755009791063208
A970797773010100572,201803,177000.0,946.524064171123,187,3,2,0,0,1,3,0,0,1.0,0,1,1,0,0,0,0,1,0,0,0,0,1967.0,0.0,1.0,1973,4,9,6.0,0,0,1,7.3015603498554,0.345316872972297,1.65027312841143,-3.68884730626027,40.3519940894026,Madrid,4.36472520323921,2.00821263645411,0.06650856409841036,946.524064171123,0.016042780748663103,0.6666666666666666,231919.37596924152,54919.37596924152,0.2368037415576922
A16748049071922877555,201803,179000.0,957.219251336898,187,3,2,0,0,1,3,0,0,1.0,0,1,1,0,0,0,0,1,0,0,0,0,1967.0,0.0,1.0,1973,5,14,6.0,0,0,1,4.67450177507646,0.407717480033944,1.65027312841143,-3.65160036229932,40.430183669709,Madrid,3.14938984249285,2.00821263645411,0.05388807651941089,957.2192513368984,0.016042780748663103,0.6666666666666666,231593.00724497737,52593.00724497737,0.22709238016562772
A6064003992516172831,201809,177000.0,956.756756756757,185,5,5,0,0,1,3,0,0,1.0,1,1,1,1,0,0,0,0,0,0,0,0,1974.0,0.0,1.0,1974,4,9,5.0,0,0,1,4.16786069985611,0.832387066770817,1.65027312841143,-3.65760301976979,40.4037441378241,Madrid,2.95547663710033,2.00821263645411,0.04800642164905238,956.7567567567568,0.02702702702702703,1.0,229052.5753048085,52052.5753048085,0.22725164838483158
A732261136876066702,201803,399000.0,1534.61538461538,260,3,2,0,0,0,3,0,0,1.0,0,1,0,0,0,0,0,1,0,0,0,0,1967.0,0.0,1.0,1972,4,16,4.0,0,0,1,0.584223071817671,0.123694869533541,1.65027312841143,-3.70401963979868,40.4113447480913,Madrid,0.920448347844697,2.00821263645411,0.005459671696039556,1534.6153846153845,0.011538461538461539,0.6666666666666666,448788.6489114801,49788.64891148009,0.11094008066434073
A5720052012119545153,201803,439000.0,1625.92592592593,270,4,2,0,0,0,3,0,0,1.0,1,0,0,0,0,0,0,0,0,0,0,0,1900.0,0.0,1.0,1900,4,8,4.0,0,1,0,0.499563201964495,0.0910271767981977,1.65027312841143,-3.70363860786584,40.4121038278255,Madrid,0.866494122842132,2.00821263645411,0.0046989446169925135,1625.9259259259259,0.014814814814814815,0.5,488721.2444723851,49721.24447238509,0.1017374321962682
A12486566528097878862,201803,207000.0,1089.47368421053,190,4,2,1,0,1,3,1,1,1.0,0,1,1,1,1,1,0,0,0,0,0,0,1989.0,2.0,1.0,1989,2,13,4.0,0,0,1,7.67674673352301,0.781641647498028,1.65027312841143,-3.7085033024957,40.3477221346845,Madrid,4.94200555724532,2.00821263645411,0.06923779698193984,1089.4736842105262,0.021052631578947368,0.5,256132.60165160932,49132.60165160932,0.19182486467864532
A17505767916277530559,201809,302000.0,1055.94405594406,286,1,2,0,1,0,3,0,0,1.0,0,0,0,0,0,0,1,1,0,0,0,0,1967.0,-1.0,2.0,1970,7,69,3.0,0,0,1,3.07249790809325,1.22010523593081,1.65027312841143,-3.73345465813694,40.4324591040746,Madrid,3.62632608266127,2.00821263645411,0.033535150061360326,1055.944055944056,0.0034965034965034965,2.0,350503.18188796734,48503.18188796734,0.1383815736756153
A15301376676638007801,201812,303000.0,1052.08333333333,288,6,6,0,0,0,3,0,0,1.0,0,0,0,0,0,0,0,0,0,0,0,0,1967.0,0.0,1.0,1965,4,5,8.0,0,1,0,5.97679056117995,0.173211988122659,1.65027312841143,-3.69388282829824,40.469748369029,Madrid,0.483939554484014,2.00821263645411,0.05386910132342086,1052.0833333333333,0.020833333333333332,1.0,350641.32974749745,47641.32974749745,0.13586912239297277
A3028492053176005595,201812,215000.0,1075.0,200,3,2,0,0,1,3,0,0,1.0,1,1,0,0,0,1,0,0,0,1,0,0,1980.0,2.0,1.0,1980,3,3,4.0,0,0,1,7.82816876521075,0.590720134915902,1.65027312841143,-3.71163460164867,40.3465227125876,Madrid,5.13828128115482,2.00821263645411,0.07071264461918203,1075.0,0.015,0.6666666666666666,259360.58875581872,44360.588755818724,0.17103827905627972
A10486051640679201597,201809,359000.0,1617.11711711712,222,3,1,1,0,0,3,1,1,1.0,1,0,0,0,1,0,0,0,0,0,0,0,1967.0,2.0,1.0,1970,1,3,5.0,0,1,0,6.25749648081795,0.235556078716455,1.65027312841143,-3.63540274938104,40.437796374056,Madrid,4.52823902197056,2.00821263645411,0.0715474081692147,1617.117117117117,0.013513513513513514,0.3333333333333333,400328.0622072219,41328.06220722193,0.1032354863642541
A6409241104626163232,201809,211000.0,1071.06598984772,197,5,3,0,0,1,3,0,0,1.0,0,0,0,0,0,0,0,0,0,0,0,0,1960.0,0.0,1.0,1960,5,6,8.0,0,1,0,3.99196666651314,0.454604855487183,1.65027312841143,-3.66245118580845,40.3994101234276,Madrid,2.67656662046237,2.00821263645411,0.04485679705742182,1071.0659898477156,0.025380710659898477,0.6,249559.28664063636,38559.28664063636,0.1545095242084157
A3264072822026805113,201803,246000.0,964.705882352941,255,1,1,0,1,0,3,0,0,1.0,0,0,0,0,0,0,0,0,0,0,0,1,1967.0,2.0,2.0,1964,9,25,5.0,0,1,0,3.89202713900632,0.151844016279296,1.65027312841143,-3.66187570734728,40.4308820573612,Madrid,2.27528689525757,2.00821263645411,0.04422613089515135,964.7058823529412,0.00392156862745098,1.0,284170.42673275777,38170.42673275777,0.13432230500415288
A2953727681484965378,201812,233000.0,1054.29864253394,221,4,2,0,0,0,3,0,0,1.0,0,0,0,0,0,0,0,0,0,0,0,0,1967.0,2.0,1.0,1981,3,2,5.0,0,0,1,4.828787300935,0.372088572164213,1.65027312841143,-3.64954601092983,40.4298709049389,Madrid,3.32608722809441,2.00821263645411,0.0558063068653348,1054.2986425339366,0.01809954751131222,0.5,266262.08122144075,33262.08122144075,0.12492233617665541
A13321527061841065076,201803,126000.0,840.0,150,4,2,1,1,1,3,1,1,1.0,0,1,0,0,1,1,1,1,1,0,0,0,1967.0,2.0,1.0,1980,7,64,3.0,0,0,1,1.19353820350199,0.29982071389692,1.65027312841143,-3.69825573725257,40.4067310284235,Madrid,0.415794847091078,2.00821263645411,0.011494478588476046,840.0,0.02666666666666667,0.5,157788.44666225984,31788.44666225984,0.20146244756627715
A5934080733420640465,201812,237000.0,1030.4347826087,230,5,2,1,0,1,3,0,0,1.0,1,1,0,0,0,1,0,0,0,0,0,0,1967.0,1.0,1.0,1977,5,11,6.0,0,1,0,6.28805787026311,0.18495268226116,1.65027312841143,-3.74976363286718,40.3722641195994,Madrid,5.08309667760222,2.00821263645411,0.06400078272494508,1030.4347826086957,0.021739130434782608,0.4,267854.82119866955,30854.821198669553,0.11519233090743715
A7343360560426698016,201809,159000.0,7571.42857142857,21,1,1,0,1,1,3,0,0,1.0,0,0,0,0,0,0,0,0,1,0,0,0,1967.0,0.0,1.0,1972,7,15,7.0,0,0,1,3.4555252887171,0.27627928535764,1.65027312841143,-3.67080427032168,40.4348396123414,Madrid,1.51082757713069,2.00821263645411,0.03760512984198643,7571.428571428572,0.047619047619047616,1.0,189630.50827038137,30630.508270381368,0.16152732252717159
A16277149087595359055,201812,131000.0,873.333333333333,150,4,2,1,0,0,3,0,0,1.0,0,0,0,0,0,0,0,0,0,0,0,0,1967.0,3.0,1.0,1977,3,4,5.0,0,0,1,4.57690126088789,1.1185887346134,1.65027312841143,-3.66818389694417,40.3856833199143,Madrid,2.35121590228533,2.00821263645411,0.047294339792827864,873.3333333333334,0.02666666666666667,0.5,158911.36997193642,27911.369971936423,0.1756411135141906
A9977226371972990245,201812,134000.0,827.16049382716,162,0,0,0,0,0,3,0,0,1.0,0,0,0,0,0,0,0,0,0,0,1,0,1967.0,0.0,1.0,1965,4,9,6.0,0,1,0,3.50827732516553,0.288396734478724,1.65027312841143,-3.74202527963002,40.4045214700784,Madrid,4.0925162703603,2.00821263645411,0.04014890160177334,827.1604938271605,0.0,0.5,161311.5742905891,27311.57429058911,0.16930945228635377
A6064003992516172831,201809,187000.0,1010.81081081081,185,5,5,0,0,1,3,0,0,1.0,1,1,1,1,0,0,0,0,0,0,0,0,1974.0,0.0,1.0,1974,4,9,5.0,0,0,1,4.10487997620889,0.805852519985955,1.65027312841143,-3.6581385665445,40.4042816352923,Madrid,2.89988518148788,2.00821263645411,0.047346340515040136,1010.8108108108108,0.02702702702702703,1.0,213127.8984944395,26127.89849443949,0.12259257787933928
A18244229094792642071,201812,170000.0,7727.27272727273,22,0,1,0,1,1,3,0,0,1.0,0,0,0,0,0,0,0,0,0,0,1,1,1967.0,6.0,1.0,1980,4,25,4.0,0,0,1,0.717595475183759,0.125995690911664,1.65027312841143,-3.6982951620174,40.411685771024,Madrid,0.443866870107935,2.00821263645411,0.007513892415631862,7727.272727272727,0.0,0.5,193411.75339456624,23411.753394566244,0.12104617730653373
A8315363224155493668,201803,155000.0,7380.95238095238,21,1,1,0,0,0,3,0,0,1.0,0,0,0,0,0,0,0,0,0,0,0,0,1967.0,4.0,2.0,1965,8,16,3.0,0,0,1,1.42080568354921,0.0797620853998996,1.65027312841143,-3.70127039445082,40.42920835976,Madrid,0.972072930286455,2.00821263645411,0.01266358149055405,7380.952380952381,0.047619047619047616,1.0,178320.89081822665,23320.890818226646,0.13078047508185148
A12070572140254550985,201803,139000.0,817.647058823529,170,3,2,1,0,0,3,0,0,1.0,0,0,0,0,0,1,0,0,0,0,0,0,1967.0,3.0,1.0,1953,3,4,7.0,0,0,1,4.11175317741587,0.469894094807309,1.65027312841143,-3.66743468885257,40.3921381597001,Madrid,2.32148389910642,2.00821263645411,0.043939073975530284,817.6470588235294,0.01764705882352941,0.6666666666666666,162300.34609021223,23300.34609021223,0.1435631324979497
A15108686969494641395,201803,139000.0,852.760736196319,163,5,2,1,0,0,3,1,1,1.0,0,0,0,0,1,1,0,0,0,0,0,0,1967.0,1.0,1.0,1983,3,7,6.0,0,1,0,5.3075862683884,0.71628573262094,1.65027312841143,-3.70250614116002,40.3689211690254,Madrid,2.52893427218382,2.00821263645411,0.047896310152165805,852.760736196319,0.03067484662576687,0.4,161969.61194051785,22969.611940517847,0.1418143296469295
A9949942522696359937,201812,141000.0,6714.28571428571,21,0,1,0,0,1,3,0,0,1.0,0,1,0,0,0,1,0,0,0,0,1,0,1925.0,3.0,2.0,1925,6,20,4.0,0,0,1,2.75476219512463,0.176547426410167,1.65027312841143,-3.69511838335681,40.3927408266158,Madrid,0.0211259860327319,2.00821263645411,0.025577613091733675,6714.285714285715,0.0,0.5,163817.82119959572,22817.821199595724,0.13928778342006196
A16392219363373313117,201812,147000.0,816.666666666667,180,2,2,0,1,1,3,0,0,1.0,0,1,0,0,0,1,0,0,0,0,0,0,1967.0,0.0,1.0,1973,6,26,5.0,0,0,1,6.00865777519334,0.521757498451582,1.65027312841143,-3.63327564335686,40.422204383523,Madrid,4.83223992942807,2.00821263645411,0.0707311263956153,816.6666666666666,0.011111111111111112,1.0,169673.52485631334,22673.524856313335,0.13363030487823147
A16392219363373313117,201812,148000.0,822.222222222222,180,2,2,0,1,1,3,0,0,1.0,0,1,0,0,0,1,0,0,0,0,0,0,1967.0,0.0,1.0,1973,6,26,5.0,0,0,1,5.99496135917771,0.511999341223101,1.65027312841143,-3.63342820264052,40.4221314753389,Madrid,4.82124364148697,2.00821263645411,0.07057346876052685,822.2222222222222,0.011111111111111112,1.0,169673.52485631334,21673.524856313335,0.12773663348284528
A15835619430959909701,201809,166000.0,7904.76190476191,21,0,1,0,0,0,2,0,0,1.0,0,0,0,1,0,0,0,0,0,0,1,0,1967.0,-1.0,2.0,1945,7,30,6.0,0,1,0,1.7713659525709,0.40574493787389,1.65027312841143,-3.69693333174016,40.4316219778752,Madrid,0.66304293092441,2.00821263645411,0.016335304133184698,7904.761904761905,0.0,0.5,186341.12363444985,20341.123634449847,0.10916067928383619
A730373687526719356,201806,50000.0,2380.95238095238,21,0,1,0,0,0,3,0,0,1.0,0,0,0,0,0,1,0,0,0,0,1,0,1967.0,4.0,1.0,1958,6,30,5.0,0,0,1,2.01370281920233,0.413028409288623,1.65027312841143,-3.68952304050545,40.4021257490563,Madrid,0.365084548538613,2.00821263645411,0.020473524688428193,2380.9523809523807,0.0,0.5,70327.98165938548,20327.981659385478,0.2890454294257803
A3443486351488010247,201812,141000.0,881.25,160,3,2,0,0,0,3,0,0,1.0,0,0,0,0,0,0,0,0,0,0,0,0,1967.0,0.0,1.0,1992,3,6,5.0,0,0,1,3.79202191268967,0.311732141653128,1.65027312841143,-3.6687630608613,40.3954007838279,Madrid,2.18061202901991,2.00821263645411,0.041055006478981484,881.25,0.01875,0.6666666666666666,161260.075243764,20260.075243764004,0.1256360274738708
A16142097833369801544,201809,121000.0,846.153846153846,143,3,2,0,1,1,3,1,1,1.0,0,0,0,0,1,1,1,1,1,0,0,0,1967.0,3.0,1.0,2007,9,111,4.0,0,0,1,5.5763831664591,0.629363651841773,1.65027312841143,-3.68717403057324,40.3681213855462,Madrid,2.62403611070656,2.00821263645411,0.05143957974673922,846.1538461538462,0.02097902097902098,0.6666666666666666,140678.60070019835,19678.600700198353,0.13988339805949326
A9415439646034609125,201812,170000.0,7727.27272727273,22,1,1,0,0,1,3,0,0,1.0,0,0,1,0,0,1,0,0,0,0,0,0,1967.0,4.0,2.0,1951,6,59,3.0,0,0,1,2.57708155020727,0.20686726669319,1.65027312841143,-3.67767270064836,40.428448189544,Madrid,1.00683950128328,2.00821263645411,0.02860622469084497,7727.272727272727,0.045454545454545456,1.0,189012.17364113824,19012.173641138244,0.10058703243757772
A10345764123072059811,201812,68000.0,2956.52173913044,23,1,1,0,0,0,3,0,0,1.0,0,0,1,0,0,0,0,0,0,0,0,0,1967.0,0.0,2.0,1954,2,9,7.0,0,1,0,4.09767725626789,0.574117337237922,1.65027312841143,-3.66839475647694,40.391519995945,Madrid,2.2469942446796,2.00821263645411,0.04350413628550675,2956.521739130435,0.043478260869565216,1.0,86836.2147549789,18836.214754978893,0.21691658034758923
A6949515528656646847,201812,716000.0,5303.7037037037,135,3,2,1,1,0,3,1,1,1.0,0,1,1,0,1,1,0,0,0,0,0,0,2007.0,2.0,1.0,2007,24,280,3.0,0,0,1,3.10444470973761,0.0464486335761006,1.65027312841143,-0.399976212467876,39.4910430356988,Valencia,1.9740126044279651,3.19711752170265,0.03117000098648883,5303.7037037037035,0.022222222222222223,0.6666666666666666,952560.7093046347,236560.7093046347,0.24834187154047435
A1970336530373157863,201812,1150000.0,5450.23696682465,211,4,4,0,1,1,3,1,1,1.0,0,0,0,0,0,0,0,0,0,0,0,0,1974.0,4.0,1.0,1974,14,21,7.0,0,0,1,1.20636240246325,0.418287004637589,1.65027312841143,-0.366668085726076,39.4774104131849,Valencia,1.9740126044279651,0.216840492189221,0.012435664242457189,5450.236966824645,0.018957345971563982,1.0,1381811.5851449412,231811.58514494123,0.16775918485342994
A16033156914009022256,201803,1288000.0,5854.54545454546,220,4,2,0,1,1,3,0,0,1.0,0,0,0,0,0,1,0,1,0,0,0,0,1967.0,3.0,1.0,1956,6,18,3.0,0,0,1,0.664374767932162,0.26279974542641,1.65027312841143,-0.369153621875529,39.4682146904125,Valencia,1.9740126044279651,1.24257682105209,0.007899908390645671,5854.545454545455,0.01818181818181818,0.5,1515803.4634414231,227803.46344142314,0.15028562009234808
A18171526395018975936,201809,1290000.0,5863.63636363636,220,4,2,0,1,1,2,0,0,1.0,0,0,0,0,0,1,0,0,0,0,0,0,1956.0,3.0,1.0,1956,6,18,3.0,0,0,1,0.692829459054502,0.238928067102256,1.65027312841143,-0.368640763421098,39.4688697293901,Valencia,1.9740126044279651,1.16007783772928,0.008266968092720062,5863.636363636364,0.01818181818181818,0.5,1515803.4634414231,225803.46344142314,0.14896618782541074
A16853793559616560401,201803,1292000.0,6123.22274881517,211,4,3,1,1,1,2,1,1,1.0,0,1,0,1,0,1,1,0,1,0,0,0,2003.0,11.0,1.0,2003,12,166,3.0,0,0,1,2.95789583484107,0.902023899847116,1.65027312841143,-0.345365032460936,39.4586379310608,Valencia,1.9740126044279651,1.52565436285527,0.03349385947210023,6123.222748815166,0.018957345971563982,0.75,1517644.8326197723,225644.8326197723,0.14868092176103032
A15017441582697258845,201812,1176000.0,5469.76744186047,215,4,3,0,1,1,3,0,0,1.0,0,0,0,0,0,1,0,0,0,0,0,0,1940.0,2.0,1.0,1940,4,9,3.0,0,0,1,0.846018830408588,0.383466984204349,1.65027312841143,-0.36689700614042,39.4685689779161,Valencia,1.9740126044279651,1.13656746812369,0.01003640973760268,5469.767441860465,0.018604651162790697,0.75,1400786.510385165,224786.510385165,0.16047164126627472
A4708315552381213392,201812,1276000.0,6047.39336492891,211,4,3,1,1,1,2,1,1,1.0,0,1,0,1,0,1,1,0,1,1,0,0,2003.0,11.0,1.0,2003,12,166,3.0,0,0,1,2.90229698905748,0.825640774938054,1.65027312841143,-0.345488930620961,39.4596587517914,Valencia,1.9740126044279651,1.42399414582385,0.03303787189657106,6047.39336492891,0.018957345971563982,0.75,1495032.9908428506,219032.99084285065,0.14650712872855537
A6647354123448656606,201812,705000.0,4862.06896551724,145,3,2,0,1,1,3,0,0,1.0,0,0,1,0,0,1,0,1,0,0,0,1,1970.0,6.0,1.0,1970,7,39,5.0,0,0,1,4.07406942344251,0.769838636338159,1.65027312841143,-0.330074084023162,39.4628190491454,Valencia,1.9740126044279651,0.931813789374446,0.04730528151689293,4862.068965517241,0.020689655172413793,0.6666666666666666,894979.1664850279,189979.16648502788,0.21227216632445045
A1970336530373157863,201812,1128000.0,5345.97156398104,211,4,4,0,1,1,3,1,1,1.0,0,0,0,0,0,0,0,0,0,0,0,0,1974.0,4.0,1.0,1974,14,21,7.0,0,0,1,1.19525422075327,0.410696261035159,1.65027312841143,-0.36649278001806,39.4771271684078,Valencia,1.9740126044279651,0.239085212776663,0.012418713536679681,5345.971563981043,0.018957345971563982,1.0,1316053.4268412571,188053.42684125714,0.1428919396476297
A2807160440743845579,201803,1198000.0,5445.45454545455,220,6,3,0,1,0,3,0,0,1.0,0,0,0,0,0,0,0,0,0,0,0,0,1967.0,5.0,1.0,1965,7,20,2.0,0,0,1,0.680685407082067,0.184723167218285,1.65027312841143,-0.368703214049088,39.4699882330917,Valencia,1.9740126044279651,1.04273953915068,0.008099554800008289,5445.454545454545,0.02727272727272727,0.5,1382828.9539838345,184828.95398383448,0.13366002602950644
A17307808524189518895,201803,1355000.0,5765.95744680851,235,3,3,0,1,0,3,0,0,1.0,0,0,0,0,0,0,0,0,0,0,0,0,2011.0,5.0,1.0,2011,7,9,3.0,0,0,1,0.817522685526353,0.174101953291586,1.65027312841143,-0.367621977711834,39.4721528807425,Valencia,1.9740126044279651,0.784871436799699,0.009383487428269987,5765.95744680851,0.01276595744680851,1.0,1534495.218562924,179495.21856292407,0.11697346227707625
A8004366502836386211,201812,635000.0,4703.7037037037,135,3,2,1,1,1,2,0,0,1.0,0,0,0,0,0,1,0,0,0,0,0,0,1967.0,0.0,1.0,1930,9,12,6.0,0,0,1,0.225916575190931,0.454027837428613,1.65027312841143,-0.377838116501684,39.4715640476785,Valencia,1.9740126044279651,1.33094954580803,0.0017141505010615744,4703.7037037037035,0.022222222222222223,0.6666666666666666,814167.6348965798,179167.63489657978,0.2200623400110208
A9733524185902900628,201803,1363000.0,5800.0,235,3,3,0,1,0,3,0,0,1.0,0,0,0,0,0,0,0,0,0,0,0,0,2011.0,5.0,1.0,2011,7,9,3.0,0,0,1,0.792892314692354,0.207248506179136,1.65027312841143,-0.367796111212734,39.4718505264741,Valencia,1.9740126044279651,0.821477987313084,0.009153919976445319,5800.0,0.01276595744680851,1.0,1538929.8194057317,175929.81940573175,0.11431958571942433
A9761492167547135755,201809,1180000.0,5437.78801843318,217,3,3,0,1,1,2,1,1,1.0,0,0,0,0,0,1,0,0,0,0,0,0,1990.0,2.0,1.0,1990,7,10,4.0,0,0,1,0.399721804022382,0.174812234095893,1.65027312841143,-0.372089912334106,39.4689477766174,Valencia,1.9740126044279651,1.26422590677348,0.004873703850290704,5437.78801843318,0.013824884792626729,1.0,1351265.5495228164,171265.54952281644,0.1267445540836121
A7587236168614741707,201803,1381000.0,6576.19047619048,210,4,3,1,1,0,3,0,0,1.0,0,0,0,0,0,0,0,0,0,1,0,0,1967.0,5.0,1.0,2004,6,14,3.0,0,0,1,0.7546497738924,0.134373026027257,1.65027312841143,-0.370211260545183,39.4651305951361,Valencia,1.9740126044279651,1.59743619346388,0.008313263695899135,6576.190476190476,0.01904761904761905,0.75,1545776.6534283862,164776.6534283862,0.1065979700643862
A10301196854522506935,201809,791000.0,5380.95238095238,147,4,2,1,1,1,3,0,0,1.0,0,0,0,0,1,0,0,0,0,0,0,0,1900.0,2.0,1.0,1900,5,9,3.0,0,0,1,0.570142224841428,0.346922739884481,1.65027312841143,-0.373105965682234,39.4654212824921,Valencia,1.9740126044279651,1.65639031271497,0.006040035642370894,5380.952380952381,0.027210884353741496,0.5,953584.7019473938,162584.70194739383,0.17049843775321294
A16853793559616560401,201803,1365000.0,6469.19431279621,211,4,3,0,1,1,2,1,1,1.0,0,1,0,1,0,1,1,0,1,0,0,0,2003.0,11.0,1.0,2003,12,166,3.0,0,0,1,2.93364307412404,0.814793175817227,1.65027312841143,-0.345156302632442,39.459543048588,Valencia,1.9740126044279651,1.42518273577332,0.03339003139392398,6469.194312796209,0.018957345971563982,0.75,1521689.1178816836,156689.11788168363,0.10297051877443125
A1286799961527837201,201803,803000.0,5353.33333333333,150,4,3,1,1,1,3,1,1,1.0,0,0,0,0,0,1,0,0,1,1,0,0,1967.0,11.0,1.0,2003,10,172,3.0,0,0,1,2.97628697752534,0.972015013522248,1.65027312841143,-0.345553934418988,39.4579485705822,Valencia,1.9740126044279651,1.60322422792963,0.03356209375280812,5353.333333333333,0.02666666666666667,0.75,955862.615892009,152862.615892009,0.15992111559814265
A17218243913163912383,201812,811000.0,5335.52631578947,152,2,2,1,1,1,3,0,0,1.0,0,0,0,0,0,1,0,1,0,0,0,0,1967.0,4.0,1.0,2001,5,9,3.0,0,0,1,0.237825538800474,0.243635662586435,1.65027312841143,-0.374541471799285,39.4683545547625,Valencia,1.9740126044279651,1.42086080923325,0.002916610662744546,5335.526315789473,0.013157894736842105,1.0,959186.4325954474,148186.4325954474,0.15449179383664977
A2463893537417756649,201806,649000.0,4807.40740740741,135,4,2,1,1,1,3,0,0,1.0,0,1,0,0,0,1,0,0,0,0,0,0,1945.0,7.0,1.0,1945,8,29,4.0,0,0,1,0.754862157912028,0.130590198081545,1.65027312841143,-0.370701955152937,39.464754319668,Valencia,1.9740126044279651,1.64995208774029,0.008175670323286643,4807.407407407408,0.02962962962962963,0.5,796123.9823588311,147123.9823588311,0.1848003396693544
A6797307189098171267,201812,792000.0,5280.0,150,3,3,1,1,1,3,0,0,1.0,0,0,0,0,0,0,0,0,0,0,0,0,2006.0,5.0,1.0,2006,6,13,1.0,0,0,1,0.624626744968884,0.152236309572607,1.65027312841143,-0.369363662561159,39.4694266229461,Valencia,1.9740126044279651,1.1204664010044,0.007476444781565772,5280.0,0.02,1.0,935600.2882765045,143600.2882765045,0.15348465586841
A3858799245210176412,201812,700000.0,4827.58620689655,145,3,3,1,1,1,3,0,0,1.0,1,0,0,1,0,0,0,0,0,0,0,1,1967.0,3.0,1.0,2005,4,5,4.0,0,0,1,0.635694711802826,0.795510195299642,1.65027312841143,-0.377075455627808,39.4754656620074,Valencia,1.9740126044279651,1.0410737924064,0.005272861858526212,4827.586206896552,0.020689655172413793,1.0,838092.9341036113,138092.93410361127,0.16477043115905712
A4120113554486918180,201803,1218000.0,5536.36363636364,220,6,3,0,1,0,3,0,0,1.0,0,0,0,0,0,0,0,0,0,0,0,0,1967.0,5.0,1.0,1960,7,14,2.0,0,0,1,0.58871698022227,0.0917254813872386,1.65027312841143,-0.369825055537945,39.470446050747,Valencia,1.9740126044279651,1.03033901969571,0.006979283001774073,5536.363636363636,0.02727272727272727,0.5,1353872.7277679283,135872.72776792827,0.10035856767122844
A17590276615517155614,201806,830000.0,5928.57142857143,140,3,2,1,1,0,1,0,0,1.0,1,0,1,0,0,0,0,0,0,0,0,0,1962.0,7.0,1.0,1962,7,22,2.0,0,0,1,0.715403886106519,0.811965437298743,1.65027312841143,-0.376211468959053,39.4761848784272,Valencia,1.9740126044279651,0.941534479921788,0.006013745802285998,5928.571428571428,0.02142857142857143,0.6666666666666666,959784.2021551644,129784.20215516444,0.1352222737816878
A5672345206320978389,201812,808000.0,5212.90322580645,155,3,2,1,1,1,3,0,0,60001.0,0,1,0,0,0,1,0,0,0,0,0,1,15.0,5.0,1.0,1927,6,13,1.0,0,0,1,0.680067014471136,0.24125539254465,1.65027312841143,-0.368834378408766,39.4686669110812,Valencia,1.9740126044279651,1.18643370176653,0.00811181169453993,5212.903225806452,0.01935483870967742,0.6666666666666666,934562.6282123962,126562.62821239617,0.1354244481768776
A6954038300781159793,201803,784000.0,4900.0,160,3,3,0,1,1,2,1,1,1.0,0,0,0,0,0,1,0,0,0,0,0,0,1967.0,7.0,1.0,1970,8,16,3.0,0,0,1,0.818363081349656,0.283934468493128,1.65027312841143,-0.367176223747754,39.4707193949106,Valencia,1.9740126044279651,0.923144205600164,0.009637781924616076,4900.0,0.01875,1.0,904989.0614952436,120989.06149524357,0.13369118660433607
A5419040997223732115,201803,842000.0,5651.0067114094,149,3,3,1,1,0,3,0,0,1.0,0,0,1,0,0,0,0,1,0,0,0,0,1960.0,7.0,1.0,1960,6,5,7.0,0,0,1,0.534711894325517,0.707154873765379,1.65027312841143,-0.376795356685498,39.4745674691099,Valencia,1.9740126044279651,1.06484797767771,0.004367471578191701,5651.006711409396,0.020134228187919462,1.0,959784.2021551644,117784.20215516444,0.12271946328214595
A9951494756377583093,201806,695000.0,4633.33333333333,150,5,2,0,1,1,3,0,0,1.0,0,1,1,1,1,1,0,1,0,0,0,0,1967.0,7.0,1.0,1949,9,17,5.0,0,1,0,1.24903922166804,0.636546442247126,1.65027312841143,-0.36273469966488,39.4664476187113,Valencia,1.9740126044279651,1.24877665113432,0.014557233214210215,4633.333333333333,0.03333333333333333,0.4,809360.7019806197,114360.70198061969,0.1412975718993558
A5240422399518732751,201809,856000.0,6114.28571428572,140,3,2,1,1,0,1,0,0,1.0,1,0,1,0,0,0,0,0,0,0,0,0,1962.0,7.0,1.0,1962,7,22,2.0,0,0,1,0.74220092229221,0.790847763289169,1.65027312841143,-0.375379388804735,39.4763642815109,Valencia,1.9740126044279651,0.867735333218718,0.006325859839872667,6114.285714285715,0.02142857142857143,0.6666666666666666,965227.7308844788,109227.73088447878,0.11316265311232698
A2398030683913592269,201803,860000.0,6142.85714285714,140,3,2,1,1,0,1,0,0,1.0,1,0,1,0,0,0,0,0,0,0,0,0,1962.0,7.0,1.0,1962,7,22,2.0,0,0,1,0.754126948764599,0.83172162761151,1.65027312841143,-0.375966318050531,39.4765216769713,Valencia,1.9740126044279651,0.908569051864775,0.006376411633699791,6142.857142857143,0.02142857142857143,0.6666666666666666,966790.8736547943,106790.8736547943,0.11045912468235133
A9001056124954431372,201812,703000.0,4594.77124183007,153,3,2,0,0,0,3,0,0,1.0,0,0,0,0,0,0,0,0,0,0,0,0,1967.0,2.0,1.0,2012,8,93,2.0,1,0,0,1.50799624386139,0.362010504107264,1.65027312841143,-0.360457037174967,39.4750443320729,Valencia,1.9740126044279651,0.288791564739681,0.017045820224704092,4594.771241830065,0.0196078431372549,0.6666666666666666,809681.1394099738,106681.13940997375,0.13175697718204704
A4828757046806291010,201812,857000.0,5529.03225806452,155,3,2,1,1,1,3,0,0,40001.0,0,1,0,0,1,1,0,0,0,0,0,0,2020.0,5.0,1.0,1949,7,15,3.0,0,0,1,0.662804996007761,0.224873458864617,1.65027312841143,-0.371589780497024,39.4652518690628,Valencia,1.9740126044279651,1.62275864007473,0.007185428800070304,5529.032258064516,0.01935483870967742,0.6666666666666666,952492.2594324615,95492.25943246146,0.10025515534305772
A17632024483707266962,201803,456000.0,4800.0,95,2,2,1,1,0,3,0,0,1.0,0,0,0,0,0,1,0,0,0,0,0,0,1915.0,5.0,1.0,1915,3,4,3.0,0,0,1,0.358816772774868,0.140334745526521,1.65027312841143,-0.372456402292087,39.4700191010612,Valencia,1.9740126044279651,1.17116989208296,0.00434736304836009,4800.0,0.021052631578947368,1.0,549516.8639008399,93516.86390083993,0.1701801528655452
A17641549501423348850,201806,264000.0,1077.55102040816,245,4,2,1,1,1,1,0,0,1.0,0,1,0,0,1,1,0,0,0,0,0,0,2003.0,1.0,1.0,2003,7,29,4.0,0,0,1,2.30994624599614,0.695454629982664,1.65027312841143,-0.351216604188526,39.4765547467793,Valencia,1.9740126044279651,0.14869939298201,0.02636082221546946,1077.5510204081634,0.0163265306122449,0.5,343853.90190098045,79853.90190098045,0.2322320655938811
A820534663268186056,201803,496000.0,4960.0,100,2,2,1,1,0,3,0,0,1.0,0,0,0,0,0,0,0,0,0,0,0,1,1967.0,7.0,1.0,1941,8,15,5.0,0,0,1,0.974056043532529,0.2516613993455,1.65027312841143,-0.366942336726957,39.4652097269871,Valencia,1.9740126044279651,1.49636136426233,0.0110488166763679,4960.0,0.02,1.0,574146.3556503505,78146.35565035045,0.13610877240844288
A4614434586936015460,201803,539000.0,3992.59259259259,135,3,2,0,1,1,3,1,1,1.0,0,0,0,0,1,1,0,0,0,0,0,0,2005.0,6.0,1.0,2005,7,13,7.0,0,0,1,1.15019654903703,0.269879506657361,1.65027312841143,-0.366946852994075,39.46262430604,Valencia,1.9740126044279651,1.77224130181708,0.012428823150079298,3992.5925925925926,0.022222222222222223,0.6666666666666666,610781.7104058041,71781.7104058041,0.11752432854957665
A8004366502836386211,201812,609000.0,4511.11111111111,135,3,2,1,1,1,2,0,0,1.0,0,0,0,0,0,1,0,0,0,0,0,0,1967.0,0.0,1.0,1930,9,12,6.0,0,0,1,0.216361345217512,0.462511484647605,1.65027312841143,-0.377101711998937,39.4716735522827,Valencia,1.9740126044279651,1.27518281545832,0.001504123153257162,4511.111111111111,0.022222222222222223,0.6666666666666666,680478.5345043974,71478.53450439742,0.1050415713060755
A15073790813341452472,201803,260000.0,1083.33333333333,240,7,3,0,1,0,3,0,0,1.0,0,0,0,0,0,1,0,0,0,0,0,0,1967.0,2.0,1.0,1994,6,37,5.0,0,0,1,2.16226311797922,0.346912507093565,1.65027312841143,-0.401778404228015,39.4694982149222,Valencia,1.9740126044279651,3.26035252252096,0.02498826084531574,1083.3333333333333,0.029166666666666667,0.42857142857142855,329998.0594776066,69998.05947760661,0.21211657907447976
A14002498865227512338,201803,567000.0,4169.11764705882,136,3,2,0,1,0,3,0,0,1.0,0,0,1,0,0,1,0,0,0,0,0,0,1960.0,8.0,1.0,1960,9,12,8.0,0,0,1,0.481077847640773,0.610544326243948,1.65027312841143,-0.379297470403845,39.4735608853974,Valencia,1.9740126044279651,1.30716838920806,0.004187231671705033,4169.117647058823,0.022058823529411766,0.6666666666666666,636138.7795732103,69138.77957321028,0.1086850570870651
A3663139818420180578,201803,295000.0,1113.20754716981,265,0,2,0,0,1,3,0,0,1.0,0,1,1,0,1,0,0,0,0,0,1,0,1994.0,0.0,1.0,1994,7,101,4.0,0,0,1,2.8778289492782,0.371733726967952,1.65027312841143,-0.401798159432379,39.452724189493,Valencia,1.9740126044279651,4.26630322806933,0.03050101519430545,1113.2075471698113,0.0,0.5,363821.57710976584,68821.57710976584,0.18916298933254916
A17071678779505179929,201803,288000.0,1133.85826771654,254,5,2,0,1,1,1,0,0,1.0,0,1,1,0,0,1,0,0,0,0,0,0,1980.0,5.0,1.0,1980,7,8,4.0,0,0,1,4.21100726251185,0.901892145348427,1.65027312841143,-0.328221644421167,39.4638485158129,Valencia,1.9740126044279651,0.927304698962049,0.04899181546056967,1133.8582677165355,0.01968503937007874,0.4,355474.0082957982,67474.00829579821,0.1898141825313189
A18144001276820690768,201803,275000.0,1227.67857142857,224,4,3,1,0,0,3,0,0,1.0,0,1,0,0,0,0,0,0,0,1,0,0,1967.0,0.0,1.0,1920,5,5,9.0,0,0,1,2.0221899918862,0.244580959531719,1.65027312841143,-0.38933338720126,39.4544808713518,Valencia,1.9740126044279651,3.41217715731694,0.02010414883041259,1227.6785714285713,0.017857142857142856,0.75,341838.36940344,66838.36940343998,0.19552623516219994
A445951811175025971,201809,565000.0,4185.18518518519,135,3,2,1,1,1,2,0,0,1.0,0,0,0,0,0,1,0,0,0,0,0,0,1900.0,8.0,1.0,1900,11,4,2.0,0,0,1,0.117242954220947,0.371689985434494,1.65027312841143,-0.376367339167328,39.4708011392924,Valencia,1.9740126044279651,1.29772663971904,0.0007406509603011213,4185.185185185185,0.022222222222222223,0.6666666666666666,630170.8155664173,65170.815566417295,0.10341769875178958
A11724349262169112469,201803,479000.0,5095.74468085106,94,3,1,1,1,0,3,0,0,1.0,0,0,1,0,0,1,0,0,0,0,0,0,1967.0,2.0,1.0,1973,5,11,7.0,0,0,1,2.3834259590136,1.33401916628559,1.65027312841143,-0.375520404834545,39.4911598822965,Valencia,1.9740126044279651,1.55280731430153,0.02099890543982412,5095.744680851064,0.031914893617021274,0.3333333333333333,544157.895722916,65157.895722916,0.11974078890531115
A3683491975646616473,201812,530000.0,3925.92592592593,135,4,3,0,1,0,3,1,1,1.0,0,0,0,0,1,0,1,0,0,0,0,0,1967.0,1.0,1.0,2007,4,67,3.0,0,0,1,3.70193913825233,0.709197131688557,1.65027312841143,-0.407162079100192,39.4932215791942,Valencia,1.9740126044279651,3.85975391889233,0.038103135774908876,3925.925925925926,0.02962962962962963,0.75,594617.8422744328,64617.84227443277,0.10867121313963167
A15631861265503964590,201812,522000.0,3866.66666666667,135,5,2,0,1,0,3,0,0,1.0,0,0,1,1,0,0,0,0,0,0,0,0,1967.0,2.0,1.0,1928,6,13,3.0,0,1,0,0.757949667407993,0.279174967337608,1.65027312841143,-0.367824515408274,39.4692476309823,Valencia,1.9740126044279651,1.09532580029799,0.009025870063444253,3866.6666666666665,0.037037037037037035,0.4,586249.7327318919,64249.73273189191,0.1095944767982949
A1784154497983114363,201803,458000.0,4721.64948453608,97,3,2,0,1,1,1,1,1,1.0,0,0,0,0,0,1,0,0,0,0,0,0,1981.0,4.0,1.0,1981,8,24,2.0,0,0,1,0.399851992518208,0.141692211602148,1.65027312841143,-0.372007356610969,39.469288243864,Valencia,1.9740126044279651,1.22680790771685,0.004878599174553466,4721.649484536082,0.030927835051546393,0.6666666666666666,519720.625029863,61720.625029862975,0.1187573131743935
A2093338640067521808,201803,480000.0,1672.47386759582,287,4,3,0,1,1,2,1,1,1.0,0,0,0,0,1,1,1,0,1,0,0,0,2010.0,11.0,1.0,2010,14,28,4.0,0,0,1,2.24132712027257,0.731648103907229,1.65027312841143,-0.360939272650403,39.4536774428222,Valencia,1.9740126044279651,2.52149295313245,0.02290322177668366,1672.4738675958188,0.013937282229965157,0.75,538677.2954276527,58677.29542765266,0.10892847336561513
A8684891921633230166,201809,287000.0,1247.82608695652,230,5,3,1,1,1,3,0,0,1.0,1,0,0,0,0,1,0,0,0,0,0,0,1971.0,7.0,1.0,1971,9,33,6.0,0,0,1,1.57647580629831,0.322423490936608,1.65027312841143,-0.394647962131305,39.467149433523,Valencia,1.9740126044279651,2.80692350682798,0.018106786243590956,1247.8260869565217,0.021739130434782608,0.6,340603.40817184106,53603.40817184106,0.15737777980423817
A13121242974313683477,201812,303000.0,4328.57142857143,70,1,1,1,1,1,3,0,0,1.0,0,0,0,0,0,1,0,0,0,0,0,0,1967.0,6.0,1.0,1982,6,55,3.0,0,0,1,0.982178693216653,0.908281605563147,1.65027312841143,-0.374094935181743,39.4783712493714,Valencia,1.9740126044279651,0.70132818565196,0.008607362659989968,4328.571428571428,0.014285714285714285,1.0,353742.31605945044,50742.316059450444,0.14344429194872638
